capture,strategy,K,seed,ok,yaw_span_deg,n_selected,L,W,err,degenerate,aspect,h,conf,tilt,angular_coverage,direction_entropy,max_angular_gap,mean_baseline,mean_adjacent_rotation,mean_sharpness
hikmatollah_apt,uniform,8,0,True,358.44366280345696,8,5.091619940295911,3.5296792311838985,0.1597517257192891,False,1.4425163327343256,2.412078765582636,0.07540338486433029,21.63045883178711,0.19444444444444445,0.5319226099474947,2.351171311609611,0.3644056785388091,1.7964822855990923,0.15791396508712874
hikmatollah_apt,uniform,8,1,True,358.44366280345696,8,5.091619940295911,3.5296792311838985,0.1597517257192891,False,1.4425163327343256,2.412078765582636,0.07540338486433029,21.63045883178711,0.19444444444444445,0.5319226099474947,2.351171311609611,0.3644056785388091,1.7964822855990923,0.15791396508712874
hikmatollah_apt,uniform,8,2,True,358.44366280345696,8,5.091619940295911,3.5296792311838985,0.1597517257192891,False,1.4425163327343256,2.412078765582636,0.07540338486433029,21.63045883178711,0.19444444444444445,0.5319226099474947,2.351171311609611,0.3644056785388091,1.7964822855990923,0.15791396508712874
hikmatollah_apt,random,8,0,True,358.44366280345696,8,4.316944920619198,2.892834318280238,0.14920397125922988,False,1.4922890306367702,2.658756692408575,0.4645116627216339,20.304046630859375,0.2222222222222222,0.5802792108518123,1.9270056728949214,0.3367708320066373,1.1264014757581966,0.2715617157230671
hikmatollah_apt,random,8,1,True,358.44366280345696,8,3.939329709964577,3.3336212025525103,0.04051806048735149,False,1.1816968607435914,2.351857087639761,0.37549060583114624,23.874723434448242,0.2222222222222222,0.5802792108518123,1.504830427563749,0.4223817729091963,1.6367262268522336,0.08482170726543459
hikmatollah_apt,random,8,2,True,358.44366280345696,8,5.324191057794893,2.2238736181362295,0.3692578976148625,False,2.3941068477879415,2.2146833823579115,0.2369370460510254,21.24475860595703,0.2222222222222222,0.5802792108518123,3.067403300806909,0.3399509671939335,1.0323469580239204,0.15070457097594112
hikmatollah_apt,sharpness,8,0,True,358.44366280345696,8,1.9263639506378682,0.958297164060439,0.6234037919561426,True,2.0101947734829926,2.632187772263311,0.7813385128974915,11.627869606018066,0.1388888888888889,0.4169575113039712,3.3495089773708546,0.35148449131543885,0.4190966185441045,0.7020030768580798
hikmatollah_apt,sharpness,8,1,True,358.44366280345696,8,1.9263639506378682,0.958297164060439,0.6234037919561426,True,2.0101947734829926,2.632187772263311,0.7813385128974915,11.627869606018066,0.1388888888888889,0.4169575113039712,3.3495089773708546,0.35148449131543885,0.4190966185441045,0.7020030768580798
hikmatollah_apt,sharpness,8,2,True,358.44366280345696,8,1.9263639506378682,0.958297164060439,0.6234037919561426,True,2.0101947734829926,2.632187772263311,0.7813385128974915,11.627869606018066,0.1388888888888889,0.4169575113039712,3.3495089773708546,0.35148449131543885,0.4190966185441045,0.7020030768580798
hikmatollah_apt,coverage,8,0,True,358.44366280345696,8,3.6618019191724582,2.972553925512087,0.12549255517065075,False,1.2318706442109821,1.9239975170850696,0.469253808259964,25.562149047851562,0.2222222222222222,0.5802792108518123,0.8358905557894918,0.43085274410157054,1.5749119768833235,0.05954811199232427
hikmatollah_apt,coverage,8,1,True,358.44366280345696,8,5.37142281439455,3.049474180225166,0.2614557769557254,False,1.7614259039235207,1.764266330852229,0.101106196641922,23.066999435424805,0.2222222222222222,0.5802792108518123,0.8390378442321094,0.43083062167643066,1.5675627509004784,0.08344281728923801
hikmatollah_apt,coverage,8,2,True,358.44366280345696,8,3.703956592846168,2.624113573957904,0.1681694422585623,False,1.4115077295452407,3.637700986244364,0.12006457149982452,24.34534454345703,0.2222222222222222,0.5802792108518123,0.8390378442321094,0.4308533052807871,1.4585102980424896,0.1830933454137444
hikmatollah_apt,coverage_fps,8,0,True,358.44366280345696,8,4.203454869033803,4.17408692327933,0.10887215641977671,False,1.0070357772356595,1.8187719014614077,0.3127393424510956,24.16063690185547,0.2222222222222222,0.5802792108518123,0.9076450604397319,0.4307544404970503,1.6799437630482694,0.12104548564388999
hikmatollah_apt,coverage_fps,8,1,True,358.44366280345696,8,5.478432897926762,2.478994610359362,0.35367069422799124,False,2.20994143151146,1.9890626226693051,0.31133222579956055,22.709060668945312,0.2222222222222222,0.5802792108518123,0.900298810345765,0.43069266523287564,1.3127186700501983,0.14884139250101114
hikmatollah_apt,coverage_fps,8,2,True,358.44366280345696,8,5.1140261558707945,3.8083986434334376,0.17404393088682885,False,1.342828478496746,2.172288258903233,0.17067000269889832,22.544090270996094,0.2222222222222222,0.5802792108518123,0.8023211416006584,0.4308953374414011,1.5678178699253078,0.16457940344432478
hikmatollah_apt,coverage_q25,8,0,True,358.44366280345696,8,4.185342449830117,3.0465668976814664,0.11131016536622265,False,1.373789773996197,2.4501547782842965,0.30405569076538086,19.463966369628906,0.2222222222222222,0.5802792108518123,0.8578476089758276,0.4305301324954248,1.78315615670246,0.14148418356557194
hikmatollah_apt,coverage_q25,8,1,True,358.44366280345696,8,4.047086264979986,3.7868760523536382,0.035653228274609726,False,1.068713686170061,3.4022836008360198,0.1305840164422989,13.3046236038208,0.2222222222222222,0.5802792108518123,0.9744245212436606,0.43039817990425255,1.5258582827663392,0.20170595588795812
hikmatollah_apt,coverage_q25,8,2,True,358.44366280345696,8,5.696454400707836,2.880305939507368,0.32602866035281974,False,1.9777254640116901,2.833909689454685,0.2362886667251587,13.408828735351562,0.2222222222222222,0.5802792108518123,0.9348082687906665,0.43070948870428394,1.2036880938586891,0.17816282518523677
hikmatollah_apt,coverage_q75,8,0,True,358.44366280345696,8,4.305659380955291,2.5996140851541716,0.18818770637144414,False,1.6562686767793617,2.6139409698163805,0.4363187849521637,18.47180938720703,0.2222222222222222,0.5802792108518123,1.7621442500742681,0.41550041984214625,1.5264138884076826,0.39232021058572697
hikmatollah_apt,coverage_q75,8,1,True,358.44366280345696,8,4.057717075296043,2.692884050515369,0.14386106363614637,False,1.5068294806527114,2.6737898519959726,0.43069565296173096,17.333189010620117,0.2222222222222222,0.5802792108518123,1.3188052157320698,0.42277293250352493,1.7511181551829351,0.40042123107247396
hikmatollah_apt,coverage_q75,8,2,True,358.44366280345696,8,4.099968204343886,2.4516211876051384,0.1824785054363556,False,1.6723498006431134,2.680466414930748,0.5192871689796448,14.967382431030273,0.2222222222222222,0.5802792108518123,1.6335265319062238,0.4194750636434722,1.600402844531267,0.3994430178213173
hikmatollah_apt,spread_high,8,0,True,358.44366280345696,8,3.9177580315166596,1.63966504123419,0.2767241748625039,False,2.3893648598909745,2.3606198204898083,0.5051527619361877,16.32827377319336,0.2222222222222222,0.5802792108518123,1.5985284337730237,0.4110106203436243,1.2355402207677741,0.19108264463694813
hikmatollah_apt,spread_high,8,1,True,358.44366280345696,8,4.4023678323927715,2.5108619528377107,0.21269588022985636,False,1.753329300887024,2.40823160451699,0.4975124001502991,19.403820037841797,0.2222222222222222,0.5802792108518123,1.5985284337730237,0.4221488385410303,1.2572061558307794,0.2193581745681823
hikmatollah_apt,spread_high,8,2,True,358.44366280345696,8,5.251606027266496,2.2074274687622957,0.3623117181971539,False,2.379061646003287,2.3399516232863857,0.3362344205379486,21.44124412536621,0.2222222222222222,0.5802792108518123,1.216787701281456,0.42941894072066894,1.5696097402500995,0.19468072623326893
hikmatollah_apt,spread_low,8,0,True,358.44366280345696,8,4.72351289600998,3.1421354215378807,0.1664461073788104,False,1.5032811328348519,2.126498341348316,0.36477553844451904,20.062519073486328,0.2222222222222222,0.5802792108518123,0.8598517491080608,0.4303158544987552,1.3552422260508552,0.027598070136302433
hikmatollah_apt,spread_low,8,1,True,358.44366280345696,8,3.123903580669682,2.253096151253659,0.29293358372091366,False,1.3864936828956418,1.9588402187455727,0.18879422545433044,22.892589569091797,0.2222222222222222,0.5802792108518123,1.1284591312425487,0.42883118935052505,1.4727200705795167,0.037301092646538636
hikmatollah_apt,spread_low,8,2,True,358.44366280345696,8,3.6499751725107954,3.3585832726526093,0.07378511587892053,False,1.0867603617962538,1.8657070289666713,0.2940521240234375,26.239551544189453,0.2222222222222222,0.5802792108518123,0.9744836712882137,0.42919009760669286,1.7226795370230723,0.04592742238346803
hikmatollah_apt,clustered_high,8,0,True,358.44366280345696,8,5.852292715148478,2.1485615382166627,0.4466692599396476,False,2.723818988217561,2.288328939041196,0.6396760940551758,18.76137351989746,0.1388888888888889,0.4169575113039712,2.817516242788435,0.28892584921115194,0.5087071648634162,0.22170122091592595
hikmatollah_apt,clustered_high,8,1,True,358.44366280345696,8,4.451827872241356,1.3914964527552303,0.37326212024983374,False,3.1993095371723888,2.297089324431643,0.5978026390075684,11.7609224319458,0.1388888888888889,0.4169575113039712,3.628266745785286,0.26545111134082056,0.37927408019918574,0.16510251672694756
hikmatollah_apt,clustered_high,8,2,True,358.44366280345696,8,5.155321509970241,1.904686018543345,0.39181909925783553,False,2.7066516264517437,2.6254725582661136,0.6764281392097473,11.90971565246582,0.1111111111111111,0.35034901356476544,3.01043126519607,0.19119077720399638,0.4945339849708739,0.1991158855678597
hikmatollah_apt,clustered_low,8,0,True,358.44366280345696,8,2.8025981641229976,1.0241993539281091,0.5031018161576445,True,2.7363795469838954,2.2818603432530633,0.7860918641090393,6.82417106628418,0.2222222222222222,0.5802792108518123,4.954921241693862,0.16415311347543143,0.18975200935510333,0.03108371266295929
hikmatollah_apt,clustered_low,8,1,True,358.44366280345696,8,3.331723318538301,1.6245829116870305,0.3531870108272228,False,2.0508176557628004,2.203399745532261,0.7376836538314819,9.422075271606445,0.19444444444444445,0.5319226099474947,4.132822185087576,0.29326033199372475,0.3071947317274301,0.06474422048816542
hikmatollah_apt,clustered_low,8,2,True,358.44366280345696,8,2.7652083510584706,0.9278008437705181,0.5211347603308741,True,2.9803899938491716,2.0856810675292543,0.8781036138534546,7.0979413986206055,0.2222222222222222,0.5802792108518123,4.910995537722703,0.17184695273053247,0.19602710992241182,0.02185666027499862
hikmatollah_apt,uniform,12,0,True,358.44366280345696,12,3.771629747479408,3.736456743002993,0.036292765255697225,False,1.0094134649202835,2.167384540740108,0.3656485378742218,24.180564880371094,0.3055555555555556,0.661188669681059,1.578213414930862,0.36291550718770943,1.7781529954239466,0.1747431533860734
hikmatollah_apt,uniform,12,1,True,358.44366280345696,12,3.771629747479408,3.736456743002993,0.036292765255697225,False,1.0094134649202835,2.167384540740108,0.3656485378742218,24.180564880371094,0.3055555555555556,0.661188669681059,1.578213414930862,0.36291550718770943,1.7781529954239466,0.1747431533860734
hikmatollah_apt,uniform,12,2,True,358.44366280345696,12,3.771629747479408,3.736456743002993,0.036292765255697225,False,1.0094134649202835,2.167384540740108,0.3656485378742218,24.180564880371094,0.3055555555555556,0.661188669681059,1.578213414930862,0.36291550718770943,1.7781529954239466,0.1747431533860734
hikmatollah_apt,random,12,0,True,358.44366280345696,12,3.818410388655321,3.429429098877409,0.04264096177857256,False,1.113424502610432,2.6553105539104958,0.4901507794857025,18.403837203979492,0.3055555555555556,0.661188669681059,2.1794651253280293,0.36404974662752887,1.1504988534736296,0.22297608774779876
hikmatollah_apt,random,12,1,True,358.44366280345696,12,3.7846931563524846,2.5075849914528185,0.1739835287564718,False,1.5092980573949553,2.399132093902616,0.15610134601593018,18.551897048950195,0.3333333333333333,0.6934264036172709,1.7683096877904463,0.3936282606284904,1.55429511586039,0.1170235434931803
hikmatollah_apt,random,12,2,True,358.44366280345696,12,4.003912165988793,3.9638604417382246,0.05456798973948397,False,1.010104221588842,2.1933357684147117,0.39776304364204407,21.29556655883789,0.2777777777777778,0.6289509357448473,1.6391713187817345,0.3835632393825536,1.0901822596926773,0.14489965760581938
hikmatollah_apt,sharpness,12,0,True,358.44366280345696,12,2.0562901676868526,1.0167885183987846,0.5988503786635414,True,2.0223381071661306,2.623480207923233,0.7772963643074036,11.378341674804688,0.1388888888888889,0.37895093574484723,3.3495089773708546,0.3242847867487869,0.2803409001992277,0.6247465299354474
hikmatollah_apt,sharpness,12,1,True,358.44366280345696,12,2.0562901676868526,1.0167885183987846,0.5988503786635414,True,2.0223381071661306,2.623480207923233,0.7772963643074036,11.378341674804688,0.1388888888888889,0.37895093574484723,3.3495089773708546,0.3242847867487869,0.2803409001992277,0.6247465299354474
hikmatollah_apt,sharpness,12,2,True,358.44366280345696,12,2.0562901676868526,1.0167885183987846,0.5988503786635414,True,2.0223381071661306,2.623480207923233,0.7772963643074036,11.378341674804688,0.1388888888888889,0.37895093574484723,3.3495089773708546,0.3242847867487869,0.2803409001992277,0.6247465299354474
hikmatollah_apt,coverage,12,0,True,358.44366280345696,12,4.727486851405568,3.564511083991429,0.10873211656754361,False,1.3262651567103207,1.9310504424769535,0.29503536224365234,25.875070571899414,0.3333333333333333,0.6934264036172709,0.7865203364429947,0.411771178683859,1.388167914775817,0.09392433437413146
hikmatollah_apt,coverage,12,1,True,358.44366280345696,12,4.793290316310424,3.551056228862305,0.11893895048226864,False,1.349821013069711,2.157280484818524,0.2784903645515442,21.79265785217285,0.3333333333333333,0.6934264036172709,0.8390378442321094,0.4090695570307421,1.7133173498879517,0.13331642347684758
hikmatollah_apt,coverage,12,2,True,358.44366280345696,12,4.908949457204534,4.306189726136328,0.21662736075569194,False,1.1399751913878222,3.2094874441407484,0.16355228424072266,21.508834838867188,0.3333333333333333,0.6934264036172709,0.8390378442321094,0.40854082900438643,1.2835168597136413,0.17233945210716708
hikmatollah_apt,coverage_fps,12,0,True,358.44366280345696,12,4.142783833890356,3.8773013404715253,0.06026371364056628,False,1.0684709466988567,1.8930932994587528,0.38298648595809937,25.563810348510742,0.3333333333333333,0.6934264036172709,0.7810810301281439,0.411539894706006,1.3537050165481517,0.11040507241779295
hikmatollah_apt,coverage_fps,12,1,True,358.44366280345696,12,4.3406627630545325,3.382959608163543,0.08465771536176536,False,1.2830962428815056,3.0078032613470205,0.26578012108802795,18.157712936401367,0.3333333333333333,0.6934264036172709,0.7882422216674305,0.41178701029688203,1.3815547038487537,0.19140618632051373
hikmatollah_apt,coverage_fps,12,2,True,358.44366280345696,12,4.514023745422517,3.4723450831813176,0.09434151043210398,False,1.2999928397919562,1.9270972478411084,0.3173503279685974,23.91267967224121,0.3333333333333333,0.6934264036172709,0.7910435028955094,0.40884231361077306,1.2833540404194574,0.12218766307151985
hikmatollah_apt,coverage_q25,12,0,True,358.44366280345696,12,4.5209830308197,3.452811506274608,0.09791725780191116,False,1.3093628258026717,2.7514093458562767,0.3589900732040405,19.881223678588867,0.3333333333333333,0.6934264036172709,0.7601313669828542,0.4090172177611121,1.4305502898010063,0.15030006046466762
hikmatollah_apt,coverage_q25,12,1,True,358.44366280345696,12,5.203156692533751,2.9589620595051533,0.2525739521877731,False,1.7584398136567891,3.275905967826211,0.22416949272155762,14.141606330871582,0.3333333333333333,0.6934264036172709,0.9744245212436606,0.4114056458211967,1.3210525581667634,0.1952293380471528
hikmatollah_apt,coverage_q25,12,2,True,358.44366280345696,12,6.1023634377120075,2.8846867042996998,0.37694589650827437,False,2.1154336894250174,3.2454511800048964,0.3613308072090149,11.468242645263672,0.3333333333333333,0.6934264036172709,0.9348082687906665,0.4081197977195798,1.280629245507143,0.18098547256839437
hikmatollah_apt,coverage_q75,12,0,True,358.44366280345696,12,3.981862966929242,2.723451533961924,0.13001979653889384,False,1.4620649265370447,2.7415688258442725,0.5771570205688477,16.08492660522461,0.3333333333333333,0.6934264036172709,1.4474229339001141,0.4030765450523033,1.1315321901479154,0.3518033783278967
hikmatollah_apt,coverage_q75,12,1,True,358.44366280345696,12,4.023952068025418,2.723427507071958,0.13536537704692786,False,1.4775322851724055,2.616021499503094,0.5931374430656433,16.539663314819336,0.3333333333333333,0.6934264036172709,1.3188052157320698,0.4050130563654873,1.1462104889328482,0.415305328166749
hikmatollah_apt,coverage_q75,12,2,True,358.44366280345696,12,3.9769097025745257,2.6910723517751824,0.13385409399940812,False,1.477815971744919,2.6651573614891735,0.5846928954124451,16.2607421875,0.3333333333333333,0.6934264036172709,1.3188052157320698,0.40288310540944505,1.116542990034106,0.36341756519762897
hikmatollah_apt,spread_high,12,0,True,358.44366280345696,12,4.314461357066403,2.850581813986085,0.1547126370279974,False,1.5135371087747576,2.4940628399587195,0.585094690322876,20.298086166381836,0.3333333333333333,0.6934264036172709,1.216787701281456,0.4089707208902623,1.2666879524651817,0.2406281660587599
hikmatollah_apt,spread_high,12,1,True,358.44366280345696,12,4.415617383339886,2.8036370842746736,0.1740227832141963,False,1.5749603998701018,2.4999359742679563,0.48379814624786377,19.944570541381836,0.3333333333333333,0.6934264036172709,1.216787701281456,0.4087534324245682,1.303731697058568,0.2531393352396509
hikmatollah_apt,spread_high,12,2,True,358.44366280345696,12,4.83531422679503,3.329090807034635,0.15486767794329231,False,1.4524428761683594,2.4205353763654474,0.42862313985824585,21.25472068786621,0.3333333333333333,0.6934264036172709,1.216787701281456,0.4068830969695775,1.3829182479674957,0.2004224057526659
hikmatollah_apt,spread_low,12,0,True,358.44366280345696,12,3.461987254805543,2.618032155963747,0.1997202663171892,False,1.322362388452452,2.2578482113591765,0.3577011227607727,26.877187728881836,0.3333333333333333,0.6934264036172709,0.8172884623718364,0.4083047279219922,0.9716372323522463,0.022583614854372294
hikmatollah_apt,spread_low,12,1,True,358.44366280345696,12,3.436434246451687,2.2868550124407694,0.2486116429088465,False,1.5026900383964295,1.8227501877968573,0.3436325490474701,23.64024543762207,0.3333333333333333,0.6934264036172709,1.1284591312425487,0.4113947555937418,1.0822720369810563,0.03705118970042187
hikmatollah_apt,spread_low,12,2,True,358.44366280345696,12,3.3883879312383125,3.0182654149475754,0.15389566772979668,False,1.1226275576885163,2.0482059315632157,0.18955494463443756,25.147890090942383,0.3333333333333333,0.6934264036172709,0.9294156781238812,0.40300680930181176,1.3145543237986959,0.03793456291427786
hikmatollah_apt,clustered_high,12,0,True,358.44366280345696,12,4.755976173066095,2.11521485682666,0.31211278751392124,False,2.248460083247157,2.6112738178557686,0.640285313129425,13.256566047668457,0.19444444444444445,0.5079018714896945,2.817516242788435,0.23591420481597378,0.37343400791560266,0.22403117798713398
hikmatollah_apt,clustered_high,12,1,True,358.44366280345696,12,3.3674578728427518,1.9484523154135946,0.30401058157645044,False,1.7282731767176696,2.8326300180997466,0.4473012089729309,10.999500274658203,0.25,0.5845452705853766,2.959277899148976,0.31834934041299473,0.3021734007300555,0.18486764240846
hikmatollah_apt,clustered_high,12,2,True,358.44366280345696,12,2.8934110123083645,2.5686845063670307,0.2786901483719549,False,1.1264174347361189,2.6502782677223915,0.7038506269454956,9.606059074401855,0.19444444444444445,0.5079018714896945,3.01043126519607,0.17894839935000084,0.37144957502604997,0.21765764233733176
hikmatollah_apt,clustered_low,12,0,True,358.44366280345696,12,3.2978521525381344,0.9783136275059725,0.44656509997001187,True,3.3709559591287626,2.3198523270925255,0.6858036518096924,6.550588130950928,0.3333333333333333,0.6934264036172709,4.208567642995332,0.23697906724899345,0.18860160583493227,0.029398154642800853
hikmatollah_apt,clustered_low,12,1,True,358.44366280345696,12,3.4727290123762824,1.564744980074415,0.3435372921445848,False,2.2193578229029556,2.0630459208197287,0.8228421211242676,11.433808326721191,0.25,0.5845452705853766,3.8158386463945364,0.30517062354519214,0.2276321540963994,0.05951748910889948
hikmatollah_apt,clustered_low,12,2,True,358.44366280345696,12,2.9529750597945212,0.884804502879864,0.5032284076100504,True,3.3374322239355365,2.0091029768364805,0.6916991472244263,7.383849620819092,0.3055555555555556,0.661188669681059,4.384213717505653,0.22800598185759074,0.17847285995694576,0.022588754690533796
hikmatollah_apt,uniform,16,0,True,358.44366280345696,16,3.8423593033024215,3.7507810268030024,0.02928962821896578,False,1.0244157885637692,2.466694320787428,0.43590742349624634,24.931381225585938,0.3611111111111111,0.7011707131126067,1.24410186847106,0.380372485719826,1.4933706578621435,0.18094462426682822
hikmatollah_apt,uniform,16,1,True,358.44366280345696,16,3.8423593033024215,3.7507810268030024,0.02928962821896578,False,1.0244157885637692,2.466694320787428,0.43590742349624634,24.931381225585938,0.3611111111111111,0.7011707131126067,1.24410186847106,0.380372485719826,1.4933706578621435,0.18094462426682822
hikmatollah_apt,uniform,16,2,True,358.44366280345696,16,3.8423593033024215,3.7507810268030024,0.02928962821896578,False,1.0244157885637692,2.466694320787428,0.43590742349624634,24.931381225585938,0.3611111111111111,0.7011707131126067,1.24410186847106,0.380372485719826,1.4933706578621435,0.18094462426682822
hikmatollah_apt,random,16,0,True,358.44366280345696,16,3.709632172979103,3.4204071540250904,0.057691465062070214,False,1.0845586522100612,2.658046857929115,0.5144618153572083,19.75656509399414,0.3611111111111111,0.7011707131126067,2.596296052675842,0.3165513012941449,0.9496636852232437,0.19413281100499422
hikmatollah_apt,random,16,1,True,358.44366280345696,16,4.518596494641043,2.6997898554848128,0.20140751831782144,False,1.673684522319838,2.6282366215759847,0.26626861095428467,19.597888946533203,0.3611111111111111,0.6920447646951625,1.5631657930538694,0.37848855058587233,1.1817822259041044,0.1873619792590271
hikmatollah_apt,random,16,2,True,358.44366280345696,16,5.003458569544435,2.5353615923544,0.2856139650721078,False,1.9734694193651874,2.1432906701991277,0.24110673367977142,24.27972412109375,0.3333333333333333,0.652814112208289,1.0675268892864151,0.33169212331066344,1.1676640760815251,0.11879224698243764
hikmatollah_apt,sharpness,16,0,True,358.44366280345696,16,2.6923638799218716,1.2659619168049359,0.4837701060375593,False,2.126733706742871,2.6206886639830347,0.7642468214035034,12.015055656433105,0.19444444444444445,0.4352094081388593,3.3495089773708546,0.32434997032209023,0.2718583786268862,0.569820675868407
hikmatollah_apt,sharpness,16,1,True,358.44366280345696,16,2.6923638799218716,1.2659619168049359,0.4837701060375593,False,2.126733706742871,2.6206886639830347,0.7642468214035034,12.015055656433105,0.19444444444444445,0.4352094081388593,3.3495089773708546,0.32434997032209023,0.2718583786268862,0.569820675868407
hikmatollah_apt,sharpness,16,2,True,358.44366280345696,16,2.6923638799218716,1.2659619168049359,0.4837701060375593,False,2.126733706742871,2.6206886639830347,0.7642468214035034,12.015055656433105,0.19444444444444445,0.4352094081388593,3.3495089773708546,0.32434997032209023,0.2718583786268862,0.569820675868407
hikmatollah_apt,coverage,16,0,True,358.44366280345696,16,5.314322262498019,3.450253132574062,0.1989665403977234,False,1.5402702521519827,1.8418583457072697,0.2730945646762848,25.666141510009766,0.4444444444444444,0.7737056144690831,0.43441489608267236,0.40606453468725523,1.1855315359741139,0.08542249752179298
hikmatollah_apt,coverage,16,1,True,358.44366280345696,16,4.201596098092075,3.596926421509712,0.037514076468877174,False,1.1681073243440352,1.9883338381540239,0.3340451717376709,22.595829010009766,0.4444444444444444,0.7737056144690831,0.4964041094589069,0.40597827132151454,1.2564327232511647,0.11193176933529445
hikmatollah_apt,coverage,16,2,True,358.44366280345696,16,5.303975579392325,3.6090677282280423,0.17576295841038012,False,1.4696248390983888,2.8300763623285334,0.2650695741176605,22.42568016052246,0.4444444444444444,0.7737056144690831,0.4964041094589069,0.4059974311122288,0.9911416209704118,0.16164821923469713
hikmatollah_apt,coverage_fps,16,0,True,358.44366280345696,16,4.526196350345938,3.9246944171912554,0.11546179794976957,False,1.1532608323644093,2.698080532554063,0.3398582935333252,20.65027618408203,0.4444444444444444,0.7737056144690831,0.5362807987669571,0.40595579868370685,1.0986833726420933,0.10168676603528437
hikmatollah_apt,coverage_fps,16,1,True,358.44366280345696,16,4.072696939508141,2.718773144687109,0.14219398353135704,False,1.497990719625432,2.813910797085219,0.2255149930715561,19.046789169311523,0.4444444444444444,0.7737056144690831,0.4513590562752654,0.4059512294062452,1.243669946691136,0.15660921552194035
hikmatollah_apt,coverage_fps,16,2,True,358.44366280345696,16,3.9294522474793014,3.805127212736444,0.025725967699988653,False,1.0326730297811646,2.0924371094288494,0.3719414472579956,22.455734252929688,0.4444444444444444,0.7737056144690831,0.4645670906637074,0.40609127567579273,1.0959889252911172,0.12724893298678328
hikmatollah_apt,coverage_q25,16,0,True,358.44366280345696,16,5.344229191807791,3.4520848425696102,0.20251008045750535,False,1.548116409511458,2.8268182761996834,0.2830284833908081,18.78653335571289,0.4444444444444444,0.7737056144690831,0.7437892886250026,0.4053069086272488,1.2716151127046975,0.17001915356856795
hikmatollah_apt,coverage_q25,16,1,True,358.44366280345696,16,5.017320619117137,3.0749183493500603,0.2130033219423622,False,1.6316923082454007,3.1159952666654185,0.259938508272171,14.718423843383789,0.4444444444444444,0.7737056144690831,0.7129454822200962,0.40567437033922066,1.2531249093545043,0.16737353759703458
hikmatollah_apt,coverage_q25,16,2,True,358.44366280345696,16,5.7352628628888445,3.2170157450527723,0.28454393329995903,False,1.7827898019177282,3.333195283211905,0.3409020006656647,12.209615707397461,0.4444444444444444,0.7737056144690831,0.9348082687906665,0.40095150744110253,1.082026015303193,0.14956318109372266
hikmatollah_apt,coverage_q75,16,0,True,358.44366280345696,16,4.043718621705866,2.7028754290595303,0.14070710598411254,False,1.4960802774077102,2.689543581533178,0.6430534720420837,15.887029647827148,0.4444444444444444,0.7737056144690831,1.4474229339001141,0.3908048494728169,0.8519672740941069,0.360747291972808
hikmatollah_apt,coverage_q75,16,1,True,358.44366280345696,16,4.00357803353773,2.7497809706401664,0.12914690466943327,False,1.4559625207551246,2.6398993075379993,0.6411446332931519,16.231185913085938,0.4444444444444444,0.7737056144690831,1.3188052157320698,0.3939120005955609,0.8627313598697242,0.3988635027643018
hikmatollah_apt,coverage_q75,16,2,True,358.44366280345696,16,3.912047663690684,2.5599467835610654,0.15060140819524684,False,1.5281753858370257,2.7303815081533873,0.6674244403839111,15.25039005279541,0.4444444444444444,0.7737056144690831,1.3188052157320698,0.3858578931495503,0.8529366930571297,0.38628384668196625
hikmatollah_apt,spread_high,16,0,True,358.44366280345696,16,3.811823568206389,3.6932514745364973,0.025235836559793626,False,1.032105069066485,2.4063849347529915,0.5595483779907227,20.488712310791016,0.4444444444444444,0.7737056144690831,1.216787701281456,0.39144148112062294,1.0689290990644273,0.21966374501443586
hikmatollah_apt,spread_high,16,1,True,358.44366280345696,16,4.604746474428458,3.214741449781689,0.14136367588478285,False,1.432384702272453,2.4521388469806595,0.4684111773967743,21.201431274414062,0.4444444444444444,0.7737056144690831,1.216787701281456,0.3913621938415498,1.096094511766244,0.23441014697211957
hikmatollah_apt,spread_high,16,2,True,358.44366280345696,16,5.077973129040454,3.512120523781172,0.16043978332924064,False,1.4458425030281918,2.4336991883419596,0.4123619794845581,20.308128356933594,0.4444444444444444,0.7737056144690831,1.216787701281456,0.39779750442678685,1.315053431193552,0.2465129317310471
hikmatollah_apt,spread_low,16,0,True,358.44366280345696,16,3.8385627561737232,2.9272524010173457,0.10930088770142833,False,1.311319363796459,2.1825858377766365,0.49658292531967163,23.310461044311523,0.4444444444444444,0.7737056144690831,0.8172884623718364,0.40516705231049976,0.7722828175691469,0.023349136681428996
hikmatollah_apt,spread_low,16,1,True,358.44366280345696,16,3.648550312239705,2.7191831772785644,0.16209805454362025,False,1.3417817316343055,1.867648862188939,0.3820071518421173,22.860780715942383,0.4444444444444444,0.7737056144690831,0.8172884623718364,0.4023540517126227,1.0744817284068522,0.037447421807375224
hikmatollah_apt,spread_low,16,2,True,358.44366280345696,16,3.354916564452074,2.9738045441380425,0.16427239813571606,False,1.1281563783555577,2.0538136061440224,0.2933502197265625,23.692928314208984,0.4444444444444444,0.7737056144690831,0.9294156781238812,0.3982266474041248,1.009691002088804,0.03440927535278966
hikmatollah_apt,clustered_high,16,0,True,358.44366280345696,16,4.468244772200535,2.4082600952534143,0.23519966914506701,False,1.855382971717743,2.5464719048661033,0.5366357564926147,18.643936157226562,0.2777777777777778,0.610383914921242,2.63178122519282,0.32195141480338774,0.4739386663698589,0.22049417405506805
hikmatollah_apt,clustered_high,16,1,True,358.44366280345696,16,3.5576645134766656,1.9615493869890723,0.27806286596752583,False,1.8137012185747658,2.8614997966191558,0.47473984956741333,10.023000717163086,0.3611111111111111,0.6920447646951626,2.391585647055562,0.346676797197813,0.2594399773416016,0.2072920622592238
hikmatollah_apt,clustered_high,16,2,True,358.44366280345696,16,4.543037204602824,2.323722799434655,0.25634514077921106,False,1.9550684813645207,2.5782979555861605,0.5611404180526733,17.467275619506836,0.2777777777777778,0.610383914921242,2.668639092976135,0.3216894598429363,0.4720143519063068,0.22148423537852602
hikmatollah_apt,clustered_low,16,0,True,358.44366280345696,16,3.5378092753047596,1.1326940799225267,0.39482879778796454,True,3.1233581405729045,2.144388514015465,0.6807507872581482,10.464681625366211,0.3611111111111111,0.7011707131126067,3.279151964871451,0.2654406700817943,0.22863452341929402,0.029424643718873034
hikmatollah_apt,clustered_low,16,1,True,358.44366280345696,16,3.650877206380101,1.5861825458712784,0.31797050939287497,False,2.3016753121405085,2.008946241012889,0.8586423397064209,14.04848861694336,0.3333333333333333,0.6678664642430038,3.2694499090868607,0.32760298166397417,0.20335616215787133,0.050665201040076394
hikmatollah_apt,clustered_low,16,2,True,358.44366280345696,16,3.065293932798547,0.8949621111647766,0.48757196234540606,True,3.4250544180123152,2.0674760471428275,0.7547860741615295,10.087886810302734,0.3333333333333333,0.6678664642430038,4.208567642995332,0.22602434648629924,0.17179902928321872,0.025692430670222838
hikmatollah_apt,uniform,24,0,True,358.44366280345696,24,3.633084759089071,3.626374543032456,0.03901780985354741,False,1.0018503924448476,2.1668104388200162,0.4939226806163788,24.550216674804688,0.4166666666666667,0.7195801719418534,1.0680913933211276,0.36404489500261733,1.0810140425580799,0.13437325481023446
hikmatollah_apt,uniform,24,1,True,358.44366280345696,24,3.633084759089071,3.626374543032456,0.03901780985354741,False,1.0018503924448476,2.1668104388200162,0.4939226806163788,24.550216674804688,0.4166666666666667,0.7195801719418534,1.0680913933211276,0.36404489500261733,1.0810140425580799,0.13437325481023446
hikmatollah_apt,uniform,24,2,True,358.44366280345696,24,3.633084759089071,3.626374543032456,0.03901780985354741,False,1.0018503924448476,2.1668104388200162,0.4939226806163788,24.550216674804688,0.4166666666666667,0.7195801719418534,1.0680913933211276,0.36404489500261733,1.0810140425580799,0.13437325481023446
hikmatollah_apt,random,24,0,True,358.44366280345696,24,3.767891024129857,3.752206921965035,0.03893824754260805,False,1.0041799672808578,2.481041559768245,0.44491735100746155,20.323837280273438,0.4166666666666667,0.7195801719418534,1.9931246248834427,0.3313595535670756,0.671167478388217,0.20957786601980957
hikmatollah_apt,random,24,1,True,358.44366280345696,24,4.569452065541396,4.179726009133662,0.1561045702482452,False,1.09324201049449,2.244860072327867,0.29218196868896484,23.736906051635742,0.4722222222222222,0.7518179058780651,0.8733623460290492,0.35435707809169625,0.8677242437019033,0.16048265764242997
hikmatollah_apt,random,24,2,True,358.44366280345696,24,4.403418705994133,3.090352449463896,0.1329548549709842,False,1.4248920723453478,2.4327092576179297,0.4365541338920593,21.384817123413086,0.4166666666666667,0.7095452705853768,1.9706687188539558,0.31373083502764354,1.0205672729402948,0.13909622282611342
hikmatollah_apt,sharpness,24,0,True,358.44366280345696,24,3.095304398671565,1.7323525353183389,0.36834060897198817,False,1.7867635689422585,2.636990532184024,0.7662571668624878,13.321593284606934,0.3055555555555556,0.5702443094953358,1.9969660641358153,0.3394077189028072,0.4069828272479376,0.4971848416094313
hikmatollah_apt,sharpness,24,1,True,358.44366280345696,24,3.095304398671565,1.7323525353183389,0.36834060897198817,False,1.7867635689422585,2.636990532184024,0.7662571668624878,13.321593284606934,0.3055555555555556,0.5702443094953358,1.9969660641358153,0.3394077189028072,0.4069828272479376,0.4971848416094313
hikmatollah_apt,sharpness,24,2,True,358.44366280345696,24,3.095304398671565,1.7323525353183389,0.36834060897198817,False,1.7867635689422585,2.636990532184024,0.7662571668624878,13.321593284606934,0.3055555555555556,0.5702443094953358,1.9969660641358153,0.3394077189028072,0.4069828272479376,0.4971848416094313
hikmatollah_apt,coverage,24,0,True,358.44366280345696,24,4.704255289413553,3.8302621886047135,0.1250462711890496,False,1.228181011579058,1.842824446137603,0.4228157699108124,25.61785316467285,0.6666666666666666,0.8868528072345415,0.40783642848190826,0.39615257184503283,0.9884676546810272,0.11533636638544383
hikmatollah_apt,coverage,24,1,True,358.44366280345696,24,4.031343875579414,3.7925133780592595,0.03443210858222,False,1.0629742004080605,1.8504737872284243,0.5281358361244202,25.01542854309082,0.6666666666666666,0.8868528072345415,0.40278802657617874,0.3968618827806081,0.8625754244932446,0.10945449928091533
hikmatollah_apt,coverage,24,2,True,358.44366280345696,24,4.172598043474328,3.6223373013118474,0.030330899463673476,False,1.1519076486784379,2.4201055762609207,0.4682566821575165,24.708480834960938,0.6666666666666666,0.8868528072345415,0.39729979874347876,0.3964431136460896,0.83225646953935,0.14601169274135514
hikmatollah_apt,coverage_fps,24,0,True,358.44366280345696,24,4.5981216268590535,3.857767504274179,0.11536619092571718,False,1.1919125820217538,2.175411473041671,0.39985471963882446,25.20530128479004,0.6666666666666666,0.8868528072345415,0.40055549130206103,0.39390899193415857,0.9246868333498101,0.12501472144512069
hikmatollah_apt,coverage_fps,24,1,True,358.44366280345696,24,4.310724362117416,3.8394179494874727,0.07635832320556363,False,1.1227546515723452,1.91566275862061,0.48475924134254456,25.435911178588867,0.6666666666666666,0.8868528072345415,0.3938221762987615,0.3952980564133325,1.0271110050413954,0.12866675131034067
hikmatollah_apt,coverage_fps,24,2,True,358.44366280345696,24,3.9250184758025055,3.6043233351967645,0.005002803802422494,False,1.088975130914062,1.8743173489553409,0.48876044154167175,24.206077575683594,0.6666666666666666,0.8868528072345415,0.43453766321069676,0.3949322627121528,0.8716636106319803,0.10862425795496478
hikmatollah_apt,coverage_q25,24,0,True,358.44366280345696,24,4.913615874528228,3.9552910884715877,0.16885333982126416,False,1.2422893194510642,3.2876597465495943,0.3190315067768097,18.583967208862305,0.6666666666666666,0.8868528072345415,0.7437892886250026,0.39027501975026896,0.902280816256969,0.1708242207437454
hikmatollah_apt,coverage_q25,24,1,True,358.44366280345696,24,4.730746404091251,3.705970552202154,0.11127691479945315,False,1.2765202360499484,2.4208209435949843,0.4678252041339874,20.50027847290039,0.6666666666666666,0.8868528072345415,0.7129454822200962,0.394055489059767,0.9047851929268215,0.166802856312695
hikmatollah_apt,coverage_q25,24,2,True,358.44366280345696,24,4.125716958651232,3.7712270372734507,0.04347664269800969,False,1.0939985627685977,2.417738654376662,0.48848578333854675,20.83692169189453,0.6666666666666666,0.8868528072345415,0.7129454822200962,0.3899342699091033,0.8548432390939515,0.15318761954186352
hikmatollah_apt,coverage_q75,24,0,True,358.44366280345696,24,3.858600090968867,2.9078171323865223,0.10943646838142554,False,1.3269748114462796,2.804371292442477,0.7176348567008972,15.54128360748291,0.5277777777777778,0.8062584723940123,1.3188052157320698,0.3766018830927233,0.5706918673067559,0.390237280887443
hikmatollah_apt,coverage_q75,24,1,True,358.44366280345696,24,3.874706416702808,2.905176044793938,0.10775616689683978,False,1.3337251708536784,2.79341696319554,0.7218005657196045,15.1719388961792,0.5277777777777778,0.8062584723940123,1.3188052157320698,0.37621193965823496,0.566527773841459,0.3967832717352695
hikmatollah_apt,coverage_q75,24,2,True,358.44366280345696,24,3.8026560142293624,2.8416860345972603,0.12565253436988438,False,1.3381689489733852,2.7642290356160215,0.7027543187141418,15.604873657226562,0.5277777777777778,0.8062584723940123,1.3188052157320698,0.3760504058192155,0.5798755880007459,0.3960462047595459
hikmatollah_apt,spread_high,24,0,True,358.44366280345696,24,3.8090220074307073,3.6934938261811516,0.02562483663601163,False,1.0312788342654426,2.451309933669192,0.6066327095031738,21.331708908081055,0.6666666666666666,0.8868528072345415,1.216787701281456,0.3865817771903133,0.7628994810646662,0.21255658979313896
hikmatollah_apt,spread_high,24,1,True,358.44366280345696,24,4.043238009789067,3.7243798046329375,0.026550571758916963,False,1.0856137724620583,2.5650704764080015,0.5678307414054871,21.834081649780273,0.6666666666666666,0.8868528072345415,1.216787701281456,0.38640752080466884,0.7889204402498365,0.22742570976750254
hikmatollah_apt,spread_high,24,2,True,358.44366280345696,24,4.557489690708218,3.9218415221303093,0.11904055620403048,False,1.1620790042104074,2.5275533211796803,0.5095795392990112,21.246854782104492,0.6666666666666666,0.8868528072345415,1.216787701281456,0.3857192884298872,0.8997247706175461,0.23640944825288837
hikmatollah_apt,spread_low,24,0,True,358.44366280345696,24,3.5033806416898297,2.2272937022253627,0.24832396526418482,False,1.5729315977455,1.948639711446023,0.2676315903663635,24.88262176513672,0.6666666666666666,0.8868528072345415,0.8172884623718364,0.394393504730879,0.6429056342568052,0.027010769278424968
hikmatollah_apt,spread_low,24,1,True,358.44366280345696,24,3.3913796146557234,3.022308506188824,0.15295865868619937,False,1.1221156303901958,1.8003568018109188,0.4625403583049774,23.790212631225586,0.6666666666666666,0.8868528072345415,0.8172884623718364,0.3945929052695655,0.826485581360675,0.03879074242586212
hikmatollah_apt,spread_low,24,2,True,358.44366280345696,24,3.258227722684141,2.9188057669078686,0.18412566962778606,False,1.1162879557195922,1.9766482179931755,0.5140634179115295,23.64493751525879,0.6666666666666666,0.8868528072345415,0.9294156781238812,0.39356339741105967,0.7255440952511762,0.031186161581134925
hikmatollah_apt,clustered_high,24,0,True,358.44366280345696,24,4.0151488922339595,2.416469121007303,0.17655779896928184,False,1.6615767432443946,2.4460360842310367,0.6908630132675171,20.419641494750977,0.3611111111111111,0.6852094081388591,2.266851088033535,0.3511559373961194,0.34508751288521267,0.25227062667302186
hikmatollah_apt,clustered_high,24,1,True,358.44366280345696,24,5.560228600755828,2.7758800808992357,0.3231314450351671,False,2.0030507221891996,3.215562502927268,0.39130592346191406,10.346593856811523,0.5277777777777778,0.8001745067823829,1.450441849371245,0.3734676718406076,0.3326223012532977,0.27527453526152895
hikmatollah_apt,clustered_high,24,2,True,358.44366280345696,24,4.057243250968149,2.3344035846666933,0.19321228605695476,False,1.7380213419897756,2.478426181797514,0.6913073658943176,19.49871826171875,0.3888888888888889,0.7074122407185944,2.266851088033535,0.35349632928490216,0.3432166060497878,0.25613667855832845
hikmatollah_apt,clustered_low,24,0,True,358.44366280345696,24,3.934112981474744,1.2310243367781746,0.3309735097659381,False,3.195804391463996,2.0625880593300883,0.6403449177742004,14.87822437286377,0.4444444444444444,0.7356990389099591,2.8866145815132693,0.26590665483142606,0.2334567896372593,0.033254532219150056
hikmatollah_apt,clustered_low,24,1,True,358.44366280345696,24,3.792951836637203,1.8975848082716447,0.25701500480115763,False,1.9988312617721122,1.9075027843537855,0.8875831365585327,18.291231155395508,0.4444444444444444,0.7296150732983298,2.7263860990783133,0.3527536054076976,0.1635084895364816,0.04655521839733243
hikmatollah_apt,clustered_low,24,2,True,358.44366280345696,24,3.5842082388655747,1.114189375600398,0.3914900952233319,True,3.2168752613837923,2.0767324868327286,0.6257088780403137,14.502041816711426,0.4166666666666667,0.7134962063302239,2.8866145815132693,0.25195959393423806,0.20516031567965015,0.03295194532516621
hikmatollah_apt,uniform,32,0,True,358.44366280345696,32,3.9806850114466235,3.6074339500448254,0.00802605027536832,False,1.1034671920735126,2.169887573377804,0.5298320651054382,24.769983291625977,0.6111111111111112,0.8371145674081155,0.7220772138920628,0.36103656356117153,0.8710287421660926,0.15677293747527365
hikmatollah_apt,uniform,32,1,True,358.44366280345696,32,3.9806850114466235,3.6074339500448254,0.00802605027536832,False,1.1034671920735126,2.169887573377804,0.5298320651054382,24.769983291625977,0.6111111111111112,0.8371145674081155,0.7220772138920628,0.36103656356117153,0.8710287421660926,0.15677293747527365
hikmatollah_apt,uniform,32,2,True,358.44366280345696,32,3.9806850114466235,3.6074339500448254,0.00802605027536832,False,1.1034671920735126,2.169887573377804,0.5298320651054382,24.769983291625977,0.6111111111111112,0.8371145674081155,0.7220772138920628,0.36103656356117153,0.8710287421660926,0.15677293747527365
hikmatollah_apt,random,32,0,True,358.44366280345696,32,4.1228884173938765,3.7808522658573223,0.044444321722079336,False,1.0904653574077157,2.377916398585899,0.5633975863456726,23.303173065185547,0.4444444444444444,0.7358383913907582,0.973929334841535,0.31903784835611393,0.7407092073296416,0.14829358056108327
hikmatollah_apt,random,32,1,True,358.44366280345696,32,3.8505986022576457,3.84511062428638,0.04124580875713798,False,1.0014272613996078,2.0821460377658916,0.3726867139339447,24.797101974487305,0.5555555555555556,0.7712492686537826,0.8047740730577448,0.36655159341413696,0.6915686958717949,0.1388180551382487
hikmatollah_apt,random,32,2,True,358.44366280345696,32,3.711954910961077,3.541202918660805,0.04074669091968246,False,1.048218641016157,2.3012838163296387,0.5293551683425903,22.895381927490234,0.4444444444444444,0.7134160040766785,0.8848398335739436,0.34379467360987703,0.8314517637626244,0.17084466605495072
hikmatollah_apt,sharpness,32,0,True,358.44366280345696,32,2.7680998473315195,2.551338186174077,0.2969865344173158,False,1.084959987794677,2.6544827813617426,0.7687567472457886,13.398368835449219,0.3888888888888889,0.6484072787375593,1.388598738958307,0.33989311699581565,0.34451411468477366,0.44913264809378084
hikmatollah_apt,sharpness,32,1,True,358.44366280345696,32,2.7680998473315195,2.551338186174077,0.2969865344173158,False,1.084959987794677,2.6544827813617426,0.7687567472457886,13.398368835449219,0.3888888888888889,0.6484072787375593,1.388598738958307,0.33989311699581565,0.34451411468477366,0.44913264809378084
hikmatollah_apt,sharpness,32,2,True,358.44366280345696,32,2.7680998473315195,2.551338186174077,0.2969865344173158,False,1.084959987794677,2.6544827813617426,0.7687567472457886,13.398368835449219,0.3888888888888889,0.6484072787375593,1.388598738958307,0.33989311699581565,0.34451411468477366,0.44913264809378084
hikmatollah_apt,coverage,32,0,True,358.44366280345696,32,4.706896527050004,3.913987967506427,0.1369219086543107,False,1.202583290016789,1.9608305184780574,0.4662696123123169,23.96966552734375,0.8888888888888888,0.967132018086354,0.3413340391352655,0.3932105534067679,0.7333792276665684,0.12390837765116955
hikmatollah_apt,coverage,32,1,True,358.44366280345696,32,3.9918990055776624,3.7203803733080094,0.01948297102744148,False,1.0729814172275696,1.8822537205769565,0.5926907062530518,24.22452735900879,0.8888888888888888,0.967132018086354,0.25113562608588325,0.39381549379669856,0.6399753149466009,0.11156358606647526
hikmatollah_apt,coverage,32,2,True,358.44366280345696,32,3.9062072037148816,3.6614995003858333,0.008879396017043158,False,1.0668326469260099,2.353807849876439,0.554108738899231,24.021512985229492,0.8888888888888888,0.967132018086354,0.25113562608588325,0.39382956797211555,0.6174806064324209,0.13968975018812627
hikmatollah_apt,coverage_fps,32,0,True,358.44366280345696,32,4.478725066568199,3.8763232593385344,0.10276911493476418,False,1.155405462064704,1.8061776025750444,0.5112755298614502,24.463977813720703,0.8888888888888888,0.967132018086354,0.3144180121963869,0.3938348084549465,0.7498961445360525,0.11942360158804562
hikmatollah_apt,coverage_fps,32,1,True,358.44366280345696,32,4.573296524667777,3.8716364178655462,0.11412682997364715,False,1.1812308882012892,1.9906735334542482,0.5488883852958679,23.159679412841797,0.8888888888888888,0.967132018086354,0.23694750029991063,0.39381332771936073,0.7641809835402242,0.1295465610442215
hikmatollah_apt,coverage_fps,32,2,True,358.44366280345696,32,3.8299024876852767,3.559596540047618,0.023240592116442804,False,1.0759372430545295,2.059422431465739,0.5311912298202515,22.8701114654541,0.8611111111111112,0.9550428678602743,0.2603642901889103,0.3939311530776976,0.646718162726953,0.10893341157264907
hikmatollah_apt,coverage_q25,32,0,True,358.44366280345696,32,5.264259693631034,3.8624608599061645,0.2005644109391706,False,1.3629289420835518,2.6702680843694413,0.4107755720615387,18.954967498779297,0.8611111111111112,0.9550428678602743,0.7437892886250026,0.38967186994637165,0.7258984902107569,0.17107236751317606
hikmatollah_apt,coverage_q25,32,1,True,358.44366280345696,32,5.042861965013232,3.665543568468553,0.1453207182020919,False,1.3757473812049426,2.528150350637266,0.3946513831615448,19.63988494873047,0.8611111111111112,0.9550428678602743,0.7129454822200962,0.3915169786955936,0.6795901572146124,0.1959379197198274
hikmatollah_apt,coverage_q25,32,2,True,358.44366280345696,32,4.6518134985218405,3.302653427395665,0.1352203818315186,False,1.4085079166753707,2.504427705655963,0.5024917721748352,20.022361755371094,0.8611111111111112,0.9550428678602743,0.7129454822200962,0.390753188374401,0.7452498407304924,0.18158809408905274
hikmatollah_apt,coverage_q75,32,0,True,358.44366280345696,32,3.725065559059024,3.027680920002908,0.10986419155865788,False,1.2303362400075653,2.8672380677933074,0.7141951322555542,16.135425567626953,0.5277777777777778,0.7841949922950759,1.3188052157320698,0.37151445048794834,0.4294079988919678,0.38181062785587117
hikmatollah_apt,coverage_q75,32,1,True,358.44366280345696,32,3.699517728110546,3.0492096026874638,0.11013949800567133,False,1.2132710473067918,2.8845890894577164,0.711539089679718,15.842967987060547,0.5277777777777778,0.7841949922950759,1.3188052157320698,0.37145738788946164,0.4263185101919088,0.3862955034411325
hikmatollah_apt,coverage_q75,32,2,True,358.44366280345696,32,3.6904531792428834,3.0114838384071616,0.11648999216581254,False,1.2254600646287523,2.8426600214290616,0.7110005021095276,15.986327171325684,0.5277777777777778,0.7887579665037978,1.3188052157320698,0.37149953289079013,0.43023027496829536,0.3862377338710688
hikmatollah_apt,spread_high,32,0,True,358.44366280345696,32,3.809086632533524,3.6980237246720984,0.026241015123507752,False,1.030033043628262,2.580738598865967,0.6334027051925659,20.457420349121094,0.8055555555555556,0.9308645674081154,1.216787701281456,0.38420487924040003,0.6007998715213819,0.24678465837505692
hikmatollah_apt,spread_high,32,1,True,358.44366280345696,32,4.038394793518717,3.5176504338629004,0.027726377876200123,False,1.1480375521805224,2.7082481771680844,0.6263735890388489,20.606273651123047,0.8055555555555556,0.9308645674081155,1.216787701281456,0.38774577757388695,0.6016648663333776,0.25472455315341025
hikmatollah_apt,spread_high,32,2,True,358.44366280345696,32,4.79716486771323,3.79428922662454,0.1318807071644269,False,1.2643118595312945,2.6633580336875977,0.5234851241111755,19.997623443603516,0.8055555555555556,0.9308645674081155,1.216787701281456,0.38516556062016055,0.6898823249054021,0.27004060226119936
hikmatollah_apt,spread_low,32,0,True,358.44366280345696,32,4.007585857793479,2.0925876553762137,0.22024023159056674,False,1.9151340434878839,1.9555181444997523,0.25096291303634644,24.368972778320312,0.8888888888888888,0.967132018086354,0.8172884623718364,0.3908289033909998,0.5007135976124549,0.03156351170819234
hikmatollah_apt,spread_low,32,1,True,358.44366280345696,32,3.4024927304366184,3.305769414660392,0.11247709810841505,False,1.0292589420627098,1.8416277832399053,0.46713492274284363,24.503562927246094,0.8888888888888888,0.967132018086354,0.8172884623718364,0.3905068776349668,0.6457713171744718,0.03967550155415075
hikmatollah_apt,spread_low,32,2,True,358.44366280345696,32,3.461972033765577,2.978373047428511,0.1500544016315563,False,1.1623701862178075,1.9143658038272928,0.5188993215560913,22.945655822753906,0.8888888888888888,0.967132018086354,0.8172884623718364,0.3907331102254085,0.538306909379905,0.03428811386305734
hikmatollah_apt,clustered_high,32,0,True,358.44366280345696,32,3.703201853699575,2.624599970763918,0.16819819670286412,False,1.4109585822412847,2.716492970346505,0.7372813820838928,16.807247161865234,0.5,0.7796320180863542,2.266851088033535,0.34368131514281935,0.2950258060149196,0.32140183729448857
hikmatollah_apt,clustered_high,32,1,True,358.44366280345696,32,5.607698141566672,1.984814552756528,0.4381936179311574,False,2.825300798897636,3.3496810408399633,0.4486573338508606,10.326282501220703,0.6111111111111112,0.8371145674081155,1.416439375758463,0.37940380330453694,0.29391600435232074,0.3143647719813152
hikmatollah_apt,clustered_high,32,2,True,358.44366280345696,32,3.7040957230600835,2.5570186315936017,0.17739985325415922,False,1.4485994264154396,2.6568502044333195,0.7194704413414001,16.257593154907227,0.5,0.7796320180863542,2.266851088033535,0.344721788288522,0.29195618292543246,0.33794528498470405
hikmatollah_apt,clustered_low,32,0,True,358.44366280345696,32,3.561686831600565,1.0946574113008023,0.39704088315701347,True,3.253700011374467,1.9654184500643326,0.6175620555877686,14.265870094299316,0.4722222222222222,0.7427609230728374,2.8866145815132693,0.24884628239834414,0.22415350436402107,0.033091829675021764
hikmatollah_apt,clustered_low,32,1,True,358.44366280345696,32,3.7797898503092133,2.3773814185957924,0.1925525789450544,False,1.5898962702172366,1.8315173734441461,0.7259558439254761,20.96334457397461,0.6111111111111112,0.8129362669559568,1.482643306117489,0.3748391107893262,0.1614334855580613,0.04365570836718092
hikmatollah_apt,clustered_low,32,2,True,358.44366280345696,32,3.4891716679021667,1.095634702259872,0.40611035365486275,True,3.1846122258681206,1.959521772368451,0.6280108094215393,14.454748153686523,0.4722222222222222,0.7427609230728376,2.8866145815132693,0.24075813172899319,0.2173913583960886,0.03357335985511125
hikmatollah_apt,uniform,48,0,True,358.44366280345696,48,3.829266893243912,3.5915496215672817,0.018916994993515426,False,1.0661879402275654,2.14885539502729,0.5221655368804932,24.320253372192383,0.6944444444444444,0.8444226099474947,0.5284301498983082,0.35476970794678964,0.5643488867094677,0.14835833222565073
hikmatollah_apt,uniform,48,1,True,358.44366280345696,48,3.829266893243912,3.5915496215672817,0.018916994993515426,False,1.0661879402275654,2.14885539502729,0.5221655368804932,24.320253372192383,0.6944444444444444,0.8444226099474947,0.5284301498983082,0.35476970794678964,0.5643488867094677,0.14835833222565073
hikmatollah_apt,uniform,48,2,True,358.44366280345696,48,3.829266893243912,3.5915496215672817,0.018916994993515426,False,1.0661879402275654,2.14885539502729,0.5221655368804932,24.320253372192383,0.6944444444444444,0.8444226099474947,0.5284301498983082,0.35476970794678964,0.5643488867094677,0.14835833222565073
hikmatollah_apt,random,48,0,True,358.44366280345696,48,4.295248893301059,3.7713664400145883,0.06501413958640445,False,1.1389105146951575,2.3496613394451913,0.5280098915100098,22.844039916992188,0.6944444444444444,0.8327501447141513,0.9290169279808236,0.3404320738837988,0.5312260150819291,0.15701450294663452
hikmatollah_apt,random,48,1,True,358.44366280345696,48,4.209263930626166,3.761591342633093,0.05275291807132909,False,1.1190114893447476,2.026975917017579,0.5485103130340576,27.63502311706543,0.6388888888888888,0.793530549619543,0.7295105700176201,0.3398418321229101,0.4851717998729494,0.14635788308890066
hikmatollah_apt,random,48,2,True,358.44366280345696,48,3.779634944668627,3.6215468369002317,0.021081975650117112,False,1.043652095330543,2.2446562375887718,0.5452849864959717,23.633508682250977,0.7777777777777778,0.8964852790341662,0.736455911071964,0.3691097003307296,0.5445990618145552,0.15054076649605364
hikmatollah_apt,sharpness,48,0,True,358.44366280345696,48,3.599800604042974,3.1729738789085022,0.10573723252055306,False,1.1345194575888848,2.9467230556545676,0.7406814694404602,16.168411254882812,0.4722222222222222,0.7190201803906425,1.3188052157320698,0.3555989758721958,0.3046553897047819,0.38376295963171986
hikmatollah_apt,sharpness,48,1,True,358.44366280345696,48,3.599800604042974,3.1729738789085022,0.10573723252055306,False,1.1345194575888848,2.9467230556545676,0.7406814694404602,16.168411254882812,0.4722222222222222,0.7190201803906425,1.3188052157320698,0.3555989758721958,0.3046553897047819,0.38376295963171986
hikmatollah_apt,sharpness,48,2,True,358.44366280345696,48,3.599800604042974,3.1729738789085022,0.10573723252055306,False,1.1345194575888848,2.9467230556545676,0.7406814694404602,16.168411254882812,0.4722222222222222,0.7190201803906425,1.3188052157320698,0.3555989758721958,0.3046553897047819,0.38376295963171986
hikmatollah_apt,coverage,48,0,True,358.44366280345696,48,4.386784609143394,3.6904939753281347,0.06548544538488332,False,1.18867139154545,1.8215889217235637,0.5307180285453796,25.256912231445312,1.0,0.9805240262373623,0.2091182860595895,0.3873150534876519,0.5384418517872382,0.12487379763570317
hikmatollah_apt,coverage,48,1,True,358.44366280345696,48,4.2785584378789085,3.701885463102903,0.053318709151718255,False,1.155778178585958,2.0738556074768884,0.5165048837661743,23.2880916595459,1.0,0.9835660090431771,0.21904985842225155,0.3884842025808286,0.5605819501885666,0.11711473116325298
hikmatollah_apt,coverage,48,2,True,358.44366280345696,48,4.3311044526491616,3.805576672808397,0.07428058717978048,False,1.1380941247605825,2.3035242496106694,0.49370405077934265,23.47401237487793,1.0,0.9835660090431771,0.21904985842225155,0.3889755881446729,0.5505962598782204,0.13483420725630427
hikmatollah_apt,coverage_fps,48,0,True,358.44366280345696,48,4.128854728105284,3.684704315750375,0.03194900253971482,False,1.1205389562620738,1.8384787764581851,0.4882938265800476,24.788671493530273,1.0,0.9805240262373625,0.22186278657057024,0.38620214217427346,0.539333117257615,0.10961784703665395
hikmatollah_apt,coverage_fps,48,1,True,358.44366280345696,48,4.213291729328536,3.751497594694536,0.05187287928293571,False,1.1230959431473664,2.0620007365987743,0.5048644542694092,23.693235397338867,0.9444444444444444,0.9674471420750712,0.23694750029991063,0.3874541265386127,0.5257467686351291,0.13892107398077644
hikmatollah_apt,coverage_fps,48,2,True,358.44366280345696,48,3.803414502700025,3.5394287644825235,0.029382485671495873,False,1.0745842777983121,2.066025944419623,0.5212706923484802,24.008882522583008,0.9722222222222222,0.9755065755591242,0.20732743180268187,0.3881632541054728,0.531038164826153,0.12077123323800106
hikmatollah_apt,coverage_q25,48,0,True,358.44366280345696,48,4.865827824273666,3.648111715434445,0.12044746931348757,False,1.3337935358962014,2.564151502937892,0.5052175521850586,19.91386604309082,0.8611111111111112,0.9432688416229126,0.7437892886250026,0.38487414328303576,0.5050299626414718,0.18575315067303788
hikmatollah_apt,coverage_q25,48,1,True,358.44366280345696,48,4.848611680684856,3.72494401922121,0.1288524908047767,False,1.3016602815143987,2.513115095674931,0.4827060103416443,20.448793411254883,0.8611111111111112,0.9432688416229126,0.7129454822200962,0.383447850793503,0.4861857956998165,0.19641587899769286
hikmatollah_apt,coverage_q25,48,2,True,358.44366280345696,48,4.886846060577901,3.4043880812067386,0.15102984648162737,False,1.4354550491921831,2.3092822672627227,0.5088131427764893,21.5207462310791,0.8611111111111112,0.937184876011283,0.7129454822200962,0.38378902047418395,0.4961838886822358,0.170440770450522
hikmatollah_apt,coverage_q75,48,0,True,358.44366280345696,48,3.7206315890616826,3.209822836379585,0.08532134761325928,False,1.1591392356277979,2.9249387868945287,0.7088288068771362,16.552791595458984,0.5277777777777778,0.7585124886972032,1.3188052157320698,0.36434365864406465,0.318280296832535,0.37260407681487423
hikmatollah_apt,coverage_q75,48,1,True,358.44366280345696,48,3.7206315890616826,3.209822836379585,0.08532134761325928,False,1.1591392356277979,2.9249387868945287,0.7088288068771362,16.552791595458984,0.5277777777777778,0.7585124886972032,1.3188052157320698,0.36434365864406465,0.318280296832535,0.37260407681487423
hikmatollah_apt,coverage_q75,48,2,True,358.44366280345696,48,3.7206315890616826,3.209822836379585,0.08532134761325928,False,1.1591392356277979,2.9249387868945287,0.7088288068771362,16.552791595458984,0.5277777777777778,0.7585124886972032,1.3188052157320698,0.36434365864406465,0.318280296832535,0.37260407681487423
hikmatollah_apt,spread_high,48,0,True,358.44366280345696,48,4.0604024329651125,3.5848854233729113,0.02125238087596339,False,1.1326449672538772,2.5698103409562925,0.5950844287872314,19.904592514038086,0.8055555555555556,0.9088980778199184,1.216787701281456,0.3821663749983886,0.4351943504991123,0.2441318968400034
hikmatollah_apt,spread_high,48,1,True,358.44366280345696,48,4.1234472210730795,3.541203128203197,0.03527547935921929,False,1.1644198516127802,2.6914959690432134,0.610440194606781,19.6820125579834,0.8055555555555556,0.9149820434315478,1.216787701281456,0.3797155617878359,0.44935730481788494,0.24502614162477945
hikmatollah_apt,spread_high,48,2,True,358.44366280345696,48,4.58850117627785,3.775015886663096,0.1027389727739584,False,1.2154918850775565,2.7616419184207337,0.5492819547653198,19.24124526977539,0.8055555555555556,0.9088980778199185,1.216787701281456,0.37761081489255155,0.47805654112351237,0.2548902508149938
hikmatollah_apt,spread_low,48,0,True,358.44366280345696,48,3.937278405310245,2.129369538857145,0.20674779593340037,False,1.8490348121648361,1.8769258027064173,0.22405961155891418,26.102401733398438,0.9166666666666666,0.9563457257852034,0.8172884623718364,0.37827228151974096,0.4626074836796662,0.036056066351878725
hikmatollah_apt,spread_low,48,1,True,358.44366280345696,48,3.760863765708983,2.2465750925742034,0.21298458764781053,False,1.6740432038706774,1.8152252068951853,0.21430322527885437,26.551843643188477,0.9166666666666666,0.9533037429793888,0.8172884623718364,0.37956188329109,0.4613820356100101,0.038917219234536504
hikmatollah_apt,spread_low,48,2,True,358.44366280345696,48,3.887317189778918,2.131492414115049,0.2127966455554047,False,1.823753706105893,1.7689575519297618,0.18957437574863434,26.515634536743164,0.9166666666666666,0.9563457257852036,0.8172884623718364,0.38017112528645114,0.4134139068625425,0.03357381525760991
hikmatollah_apt,clustered_high,48,0,True,358.44366280345696,48,3.9910169488552905,2.697304920178804,0.13478562326977464,False,1.479631360547374,2.592974640115539,0.6939849853515625,16.573341369628906,0.5833333333333334,0.8222197773677596,1.6217275203232617,0.3458871817098374,0.2939237475197679,0.2948251383978022
hikmatollah_apt,clustered_high,48,1,True,358.44366280345696,48,5.054895207847423,2.189773414283553,0.3397770421311216,False,2.308410164665953,3.184763033033107,0.5511495471000671,12.04095458984375,0.6666666666666666,0.82937025791278,1.416439375758463,0.37054499543951797,0.21533551999085085,0.3354813583980963
hikmatollah_apt,clustered_high,48,2,True,358.44366280345696,48,4.042612573071231,2.587527797174705,0.15646572590637298,False,1.5623455630062477,2.5666586656037307,0.7052733302116394,16.50336265563965,0.5833333333333334,0.8222197773677596,1.6217275203232617,0.3504677601711369,0.28352305684312956,0.29562628115154027
hikmatollah_apt,clustered_low,48,0,True,358.44366280345696,48,3.82340898992332,1.9729180043363486,0.24276555635896274,False,1.9379462205320797,1.974442081968263,0.6171728372573853,15.051976203918457,0.5555555555555556,0.7895796138746957,2.3956689535604125,0.27349081237735057,0.22839717518646832,0.03746071647888107
hikmatollah_apt,clustered_low,48,1,True,358.44366280345696,48,3.6790113356537484,3.0031269659263606,0.11909415234133564,False,1.2250602047119579,1.7175785829291947,0.6019262075424194,25.663925170898438,0.8055555555555556,0.8938457257852036,1.0107325976449753,0.368867288843286,0.18278956379125832,0.039549935680397996
hikmatollah_apt,clustered_low,48,2,True,358.44366280345696,48,3.9017509651031013,2.0971295149653137,0.21570103125890497,False,1.8605197901511752,2.001110086194457,0.5992712378501892,14.818328857421875,0.5555555555555556,0.7926215966805104,2.3535811260719868,0.28578595298086734,0.22132125155907495,0.03802390166660375
home-office-portrait,uniform,8,0,True,79.65238982224808,8,2.425063135023347,2.0749927013354896,0.21173125060479495,False,1.1687092361638418,4.466948527951118,0.05295408517122269,21.801897048950195,0.1388888888888889,0.41695751130397124,5.00194108848015,0.13062359931351866,0.39992725561052894,0.3064988108971787
home-office-portrait,uniform,8,1,True,79.65238982224808,8,2.425063135023347,2.0749927013354896,0.21173125060479495,False,1.1687092361638418,4.466948527951118,0.05295408517122269,21.801897048950195,0.1388888888888889,0.41695751130397124,5.00194108848015,0.13062359931351866,0.39992725561052894,0.3064988108971787
home-office-portrait,uniform,8,2,True,79.65238982224808,8,2.425063135023347,2.0749927013354896,0.21173125060479495,False,1.1687092361638418,4.466948527951118,0.05295408517122269,21.801897048950195,0.1388888888888889,0.41695751130397124,5.00194108848015,0.13062359931351866,0.39992725561052894,0.3064988108971787
home-office-portrait,random,8,0,True,79.65238982224808,8,3.317990792921217,1.645269707527031,0.1739756807556325,False,2.0166850320902197,3.0940623395278446,0.2596507966518402,13.023151397705078,0.16666666666666666,0.483566009043177,5.240772260386173,0.11698731404150366,0.27619043402766624,0.2285150337315408
home-office-portrait,random,8,1,True,79.65238982224808,8,3.7966669878705814,1.1321054841543716,0.30754398551401546,True,3.353633597761881,2.80866119332163,0.07030318677425385,18.893325805664062,0.1388888888888889,0.4352094081388593,5.658277695870761,0.09081868662299068,0.0976939965420945,0.279180701314106
home-office-portrait,random,8,2,True,79.65238982224808,8,4.783802396771046,2.7364386337661775,0.2680017786046962,False,1.7481855203115113,3.6636904917294904,0.07961678504943848,15.596290588378906,0.1388888888888889,0.4352094081388593,5.456281418572123,0.09885696294466538,0.19605249090675672,0.18517615483034117
home-office-portrait,sharpness,8,0,True,79.65238982224808,8,3.260343664309392,1.5744858064595366,0.1972526151926857,False,2.070735506749823,3.796891058466273,0.5468853116035461,4.438331604003906,0.08333333333333333,0.3019924126604478,5.929134171838534,0.04942749931176922,0.08045665061121002,0.9115494344590047
home-office-portrait,sharpness,8,1,True,79.65238982224808,8,3.260343664309392,1.5744858064595366,0.1972526151926857,False,2.070735506749823,3.796891058466273,0.5468853116035461,4.438331604003906,0.08333333333333333,0.3019924126604478,5.929134171838534,0.04942749931176922,0.08045665061121002,0.9115494344590047
home-office-portrait,sharpness,8,2,True,79.65238982224808,8,3.260343664309392,1.5744858064595366,0.1972526151926857,False,2.070735506749823,3.796891058466273,0.5468853116035461,4.438331604003906,0.08333333333333333,0.3019924126604478,5.929134171838534,0.04942749931176922,0.08045665061121002,0.9115494344590047
home-office-portrait,coverage,8,0,True,79.65238982224808,8,2.1226429200344605,1.455539519465385,0.3863227452102903,False,1.4583203627573784,2.9165522999688447,0.06511957198381424,33.255489349365234,0.2222222222222222,0.5802792108518123,4.892988847699336,0.16882827612845158,0.359934786528233,0.1701989616967365
home-office-portrait,coverage,8,1,True,79.65238982224808,8,4.2812428501670645,1.7989006042228122,0.23632388412115757,False,2.3799218478870383,4.064459899827375,0.04503105580806732,20.35198402404785,0.2222222222222222,0.5802792108518123,4.892988847699336,0.16155646560158815,0.36025288434471614,0.2073233924583956
home-office-portrait,coverage,8,2,True,79.65238982224808,8,4.866038684358174,0.9062090301055765,0.5093908628988308,True,5.36966474919287,2.4646529377963944,0.18347595632076263,12.926521301269531,0.2222222222222222,0.5802792108518123,4.892988847699336,0.16874390197785666,0.36631025027119263,0.20492669954041312
home-office-portrait,coverage_fps,8,0,True,79.65238982224808,8,4.994030113862747,1.8558335587042263,0.3269752041487436,False,2.6909903048362063,3.986068877751511,0.179754376411438,17.320205688476562,0.2222222222222222,0.5802792108518123,4.926479303784564,0.16077637004350862,0.24163692333441392,0.33552791152009587
home-office-portrait,coverage_fps,8,1,True,79.65238982224808,8,2.6385608019952036,1.6513772781271532,0.27057123758228974,False,1.5977940576896075,4.230180501229999,0.08394279330968857,21.881595611572266,0.2222222222222222,0.5802792108518123,4.892988847699336,0.16692677577370593,0.369040634400373,0.20229920332487042
home-office-portrait,coverage_fps,8,2,True,79.65238982224808,8,2.254454091805233,1.8996319349141753,0.27340204818677427,False,1.1867846872700045,3.6443258148425643,0.03394630551338196,28.79275894165039,0.19444444444444445,0.5319226099474947,4.892988847699336,0.1714498338968517,0.37369662582627167,0.20665689770506623
home-office-portrait,coverage_q25,8,0,True,79.65238982224808,8,3.055302032490802,1.9549268625860006,0.14632618389666058,False,1.562872806632373,3.506810804083705,0.10426328331232071,30.386472702026367,0.2222222222222222,0.5802792108518123,4.903987455944562,0.16236187059653176,0.41177475922409534,0.12032800992550563
home-office-portrait,coverage_q25,8,1,True,79.65238982224808,8,2.9832256313419965,2.6430635125562767,0.12923455661377173,False,1.1286999412498897,2.915107207364059,0.04149652272462845,34.36902618408203,0.2222222222222222,0.5802792108518123,4.903987455944562,0.16590069440602545,0.35905468774907046,0.24958192023194786
home-office-portrait,coverage_q25,8,2,True,79.65238982224808,8,5.814656412864689,2.046911642081653,0.4047900656907145,False,2.8406973184984885,4.301139710752305,0.056898102164268494,28.827516555786133,0.2222222222222222,0.5802792108518123,4.903987455944562,0.1722533484320699,0.273643433937549,0.252957603692445
home-office-portrait,coverage_q75,8,0,True,79.65238982224808,8,3.7603479286100665,1.6065645445946783,0.20195823332271487,False,2.340614288583574,3.719670113831765,0.4944383502006531,14.453763961791992,0.1111111111111111,0.35034901356476544,5.860342142626143,0.05769103153511471,0.1140367834759867,0.7347988521468771
home-office-portrait,coverage_q75,8,1,True,79.65238982224808,8,3.6110005215194936,1.6112736065101685,0.17944531900133545,False,2.241084634496373,3.4946159666086354,0.4791390299797058,19.023332595825195,0.1111111111111111,0.35034901356476544,5.860342142626143,0.05517542654468876,0.1109553887611686,0.6383858503888062
home-office-portrait,coverage_q75,8,2,True,79.65238982224808,8,4.06692794591917,1.7187578799785674,0.22239798131127864,False,2.3662017747199413,3.8970688274309886,0.5059118270874023,20.00566864013672,0.1111111111111111,0.33849620633022387,5.860342142626143,0.050112710655466644,0.11326120508765879,0.6740233471979667
home-office-portrait,spread_high,8,0,True,79.65238982224808,8,4.205930867233687,1.9232943415693786,0.1991628713127574,False,2.1868368124047577,4.154722523721102,0.0558837465941906,31.804126739501953,0.2222222222222222,0.5802792108518123,5.051904677586214,0.15175294617848425,0.2486325749352172,0.29001014940504627
home-office-portrait,spread_high,8,1,True,79.65238982224808,8,4.431330927910292,2.1918905060863247,0.17482592601578406,False,2.0216935634355857,5.004427488239568,0.055161405354738235,19.69103240966797,0.2222222222222222,0.5802792108518123,5.051904677586214,0.1545526967816147,0.31524080351189554,0.2694425193567231
home-office-portrait,spread_high,8,2,True,79.65238982224808,8,5.0095514569971,1.9999202808125907,0.29873552507731105,False,2.5048755718211235,7.525284927857626,0.033396437764167786,16.195409774780273,0.2222222222222222,0.5802792108518123,5.051904677586214,0.1588251743022155,0.3341903177019576,0.3138420330830103
home-office-portrait,spread_low,8,0,True,79.65238982224808,8,3.4738558351990787,1.6777233148675161,0.14563167785300987,False,2.0705773141582626,3.94209334733873,0.13686731457710266,30.737634658813477,0.2222222222222222,0.5802792108518123,4.892988847699336,0.16619478051838038,0.36393503407677513,0.08075772389599369
home-office-portrait,spread_low,8,1,True,79.65238982224808,8,2.577969042147247,2.181604895160164,0.16715205134572303,False,1.1816846615381214,5.723984455021851,0.08894973248243332,42.16118240356445,0.2222222222222222,0.5802792108518123,4.892988847699336,0.1666617273175721,0.361303832002446,0.05619510445011715
home-office-portrait,spread_low,8,2,True,79.65238982224808,8,2.7566550554501523,1.493211255542894,0.28701087403266334,False,1.8461252854994734,4.109297367394703,0.11515484005212784,23.00027847290039,0.2222222222222222,0.5802792108518123,4.892988847699336,0.16325891319479288,0.41870742237673575,0.10718424022611045
home-office-portrait,clustered_high,8,0,True,79.65238982224808,8,3.5754020673458013,1.2942444171497047,0.24137161357342685,False,2.7625400735510657,4.627127866438089,0.4146265685558319,11.030620574951172,0.08333333333333333,0.27188770859101813,5.949010331430759,0.043471837689169186,0.05226560139367907,0.34754511977931524
home-office-portrait,clustered_high,8,1,True,79.65238982224808,8,2.7736474798149917,1.2987178868286806,0.3257001550186051,False,2.1356812807036323,3.2740905937901887,0.8202610015869141,3.309046983718872,0.027777777777777776,0.0,6.1612355045704685,0.015581418987301473,0.0174214003727311,0.6922212014126392
home-office-portrait,clustered_high,8,2,True,79.65238982224808,8,3.5783507553499536,1.3382737158123286,0.23248377186155839,False,2.673855664256175,4.58511867968334,0.3654610216617584,4.363321781158447,0.08333333333333333,0.2512212344150175,5.913255752896693,0.04332186016193668,0.05284707918327049,0.35406853021318485
home-office-portrait,clustered_low,8,0,True,79.65238982224808,8,0.8712379136368813,0.46334801372733625,0.776475265554562,True,1.880310021463853,1.6536751593868046,0.6667172908782959,8.963789939880371,0.027777777777777776,0.0,6.159732257188746,0.015660034483044896,0.01818630953622599,0.06571965196512353
home-office-portrait,clustered_low,8,1,True,79.65238982224808,8,4.3959224799073535,2.4116616698963855,0.14342503714867075,False,1.8227774379713135,2.999479255229903,0.272027850151062,44.418148040771484,0.1111111111111111,0.35034901356476544,5.333720807609623,0.14233865229001175,0.13563778565285176,0.1110862717907326
home-office-portrait,clustered_low,8,2,True,79.65238982224808,8,0.9240978323677822,0.4578663034991859,0.7700190299909025,True,2.0182700174821346,1.768994507347732,0.6164653301239014,8.816868782043457,0.027777777777777776,0.0,6.1952078572990645,0.010402166543230774,0.014914962544155617,0.07466195229538806
home-office-portrait,uniform,12,0,True,79.65238982224808,12,3.8610483002926967,2.4738854349861565,0.079525214247158,False,1.5607223542727646,3.7498811695039995,0.0656767413020134,29.999542236328125,0.19444444444444445,0.5000000000000001,5.111079676911086,0.11051885618392632,0.2580985955059243,0.281989882047503
home-office-portrait,uniform,12,1,True,79.65238982224808,12,3.8610483002926967,2.4738854349861565,0.079525214247158,False,1.5607223542727646,3.7498811695039995,0.0656767413020134,29.999542236328125,0.19444444444444445,0.5000000000000001,5.111079676911086,0.11051885618392632,0.2580985955059243,0.281989882047503
home-office-portrait,uniform,12,2,True,79.65238982224808,12,3.8610483002926967,2.4738854349861565,0.079525214247158,False,1.5607223542727646,3.7498811695039995,0.0656767413020134,29.999542236328125,0.19444444444444445,0.5000000000000001,5.111079676911086,0.11051885618392632,0.2580985955059243,0.281989882047503
home-office-portrait,random,12,0,True,79.65238982224808,12,2.444287236732657,1.5835442940938078,0.31290817321245745,False,1.5435546993217606,3.5311585579043383,0.18074966967105865,20.53899574279785,0.16666666666666666,0.4555943348405295,5.1267961780167015,0.11384703317659917,0.22428554218372757,0.2050194491452213
home-office-portrait,random,12,1,True,79.65238982224808,12,3.183881000506579,1.7964704998208232,0.16131666833726857,False,1.772297959150531,2.967067513073024,0.10074786096811295,19.79413414001465,0.19444444444444445,0.5200698027129531,4.962539005218679,0.1397908836307784,0.20394144146312812,0.26988434469641087
home-office-portrait,random,12,2,True,79.65238982224808,12,3.28633820717649,2.6254047145078525,0.08182925802745394,False,1.2517453743479443,4.390047599475096,0.13862711191177368,22.903831481933594,0.1388888888888889,0.44342640361727076,5.478880761343626,0.09516884407484867,0.1675397528077733,0.22706234184368201
home-office-portrait,sharpness,12,0,True,79.65238982224808,12,3.2373490335477486,1.5813420911736253,0.19911533824223046,False,2.047216128386922,3.770893253822199,0.587605893611908,5.725118637084961,0.08333333333333333,0.3006978184217565,5.909948554651789,0.04938394453118998,0.05442367757095505,0.8874227932036073
home-office-portrait,sharpness,12,1,True,79.65238982224808,12,3.2373490335477486,1.5813420911736253,0.19911533824223046,False,2.047216128386922,3.770893253822199,0.587605893611908,5.725118637084961,0.08333333333333333,0.3006978184217565,5.909948554651789,0.04938394453118998,0.05442367757095505,0.8874227932036073
home-office-portrait,sharpness,12,2,True,79.65238982224808,12,3.2373490335477486,1.5813420911736253,0.19911533824223046,False,2.047216128386922,3.770893253822199,0.587605893611908,5.725118637084961,0.08333333333333333,0.3006978184217565,5.909948554651789,0.04938394453118998,0.05442367757095505,0.8874227932036073
home-office-portrait,coverage,12,0,True,79.65238982224808,12,1.7676701844343061,1.3171734564784692,0.46673055871946995,False,1.3420177697478533,3.4463829585815056,0.12881459295749664,29.85003662109375,0.2222222222222222,0.5644754678724236,4.892988847699336,0.1572278800072576,0.2818264920332679,0.15696614241804183
home-office-portrait,coverage,12,1,True,79.65238982224808,12,2.4717635900870043,1.5038137640280207,0.32581343793285267,False,1.6436633639170148,4.9070094928209365,0.11093229055404663,19.41645622253418,0.2222222222222222,0.5644754678724236,4.892988847699336,0.15932995364781058,0.2756393548640673,0.25200814873762106
home-office-portrait,coverage,12,2,True,79.65238982224808,12,3.7143673162608124,2.053761853116111,0.10074666624275638,False,1.80856768306662,5.439842979925899,0.12150530517101288,23.731321334838867,0.2222222222222222,0.5644754678724236,4.892988847699336,0.1524077771477601,0.2723302618374243,0.21683540212775476
home-office-portrait,coverage_fps,12,0,True,79.65238982224808,12,5.53486142372263,1.9433074148692797,0.38639262318694395,False,2.848165648611464,4.271604679407969,0.14760315418243408,22.76092529296875,0.2222222222222222,0.5644754678724236,4.926479303784564,0.15980120313750312,0.2237567830960496,0.31917401967015
home-office-portrait,coverage_fps,12,1,True,79.65238982224808,12,2.2282170048650647,2.058683587582272,0.24354097339135433,False,1.0823504001806774,3.8442619291087077,0.0659199208021164,24.762222290039062,0.2222222222222222,0.5644754678724236,4.892988847699336,0.15776022018277114,0.2614468731985313,0.15943592121726835
home-office-portrait,coverage_fps,12,2,True,79.65238982224808,12,2.543097900163069,1.8101433310784119,0.2507441263606132,False,1.4049152111330276,4.647533732806998,0.14343127608299255,27.5651912689209,0.2222222222222222,0.5644754678724236,4.892988847699336,0.1512768538117559,0.2590421126335461,0.20442468203799782
home-office-portrait,coverage_q25,12,0,True,79.65238982224808,12,1.87319385454768,1.692767543029793,0.3720853042842095,False,1.1065865849453562,4.730760523927135,0.08907603472471237,19.286212921142578,0.2222222222222222,0.5523075366491649,4.903987455944562,0.1625190329879496,0.29979050509398525,0.1430816625079823
home-office-portrait,coverage_q25,12,1,True,79.65238982224808,12,3.043473260353966,2.150829945481178,0.10659479151445189,False,1.4150227295971036,5.228917187959098,0.05286116525530815,32.96866226196289,0.2222222222222222,0.5644754678724236,4.903987455944562,0.16121122747022112,0.25000081368610483,0.2798773633841401
home-office-portrait,coverage_q25,12,2,True,79.65238982224808,12,5.56756187401863,2.780613538486408,0.39026365657189965,False,2.0022782011804714,3.693061500960556,0.10050252079963684,33.77693176269531,0.2222222222222222,0.5644754678724236,4.903987455944562,0.16158086108691871,0.20509052928319405,0.3034838775247221
home-office-portrait,coverage_q75,12,0,True,79.65238982224808,12,3.6509066453340866,1.5837301509865,0.19102044086248038,False,2.305258028370521,3.6760708542175444,0.5613511800765991,14.23870849609375,0.1111111111111111,0.3144754678724236,5.860342142626143,0.04647026035287634,0.07256886221199155,0.7073641812929218
home-office-portrait,coverage_q75,12,1,True,79.65238982224808,12,3.6892549786761935,1.6357059353892254,0.18555195806709818,False,2.2554512390384613,3.6033605751746327,0.5209176540374756,16.232866287231445,0.1111111111111111,0.34510348358122694,5.860342142626143,0.04989080076453476,0.07339417710986874,0.6434877668001302
home-office-portrait,coverage_q75,12,2,True,79.65238982224808,12,4.060226058176541,1.7478204953379526,0.21528536777975846,False,2.3230223406846306,3.803660462721248,0.5785920023918152,21.65161895751953,0.1111111111111111,0.34510348358122694,5.860342142626143,0.05206314623540537,0.07207531232851015,0.6773361105524258
home-office-portrait,spread_high,12,0,True,79.65238982224808,12,4.769308299914777,2.726300818514825,0.26376931733938136,False,1.749369793503894,5.937352201769791,0.01867131143808365,28.04990577697754,0.2222222222222222,0.5523075366491649,5.051904677586214,0.1309004629442498,0.22119823016331547,0.38789267999518123
home-office-portrait,spread_high,12,1,True,79.65238982224808,12,3.5675072218487753,1.8635182896171192,0.11982667064260773,False,1.9143934576471262,5.042535905747176,0.05634445697069168,19.90379524230957,0.2222222222222222,0.5523075366491649,5.051904677586214,0.13062111483114738,0.26616504719918566,0.35840242001069234
home-office-portrait,spread_high,12,2,True,79.65238982224808,12,5.273684725914096,3.269693709617962,0.45136964168772586,False,1.6128986976368147,6.158746971939286,0.053721290081739426,23.887765884399414,0.2222222222222222,0.5523075366491649,5.051904677586214,0.13343986072629513,0.2629257740242428,0.3099712609606293
home-office-portrait,spread_low,12,0,True,79.65238982224808,12,2.1434069790823926,1.169834050541409,0.4437609706764366,True,1.832231655498834,5.3368815956966005,0.13168451189994812,26.46773338317871,0.2222222222222222,0.5644754678724236,4.892988847699336,0.15338927910233702,0.26450082067810254,0.08277066347126787
home-office-portrait,spread_low,12,1,True,79.65238982224808,12,1.777540370085628,1.4402695801234204,0.439272387294354,False,1.2341719873951,5.020871504355216,0.08148835599422455,27.596879959106445,0.2222222222222222,0.5644754678724236,4.892988847699336,0.1538492279270265,0.27032642288821446,0.07032054861023777
home-office-portrait,spread_low,12,2,True,79.65238982224808,12,1.6091551754886426,1.5808072609000645,0.4338068897341567,False,1.0179325559097177,4.998035587898565,0.08256824314594269,23.178192138671875,0.2222222222222222,0.5523075366491649,4.892988847699336,0.16429299216099774,0.29078673625806767,0.10077445558083342
home-office-portrait,clustered_high,12,0,True,79.65238982224808,12,3.7596789301043034,1.3621972528247106,0.25354814375103363,False,2.7600106536025324,4.941766802016799,0.3464529514312744,5.236600399017334,0.1111111111111111,0.35300535507092135,5.8013494135652,0.056391412539191076,0.04668364796557385,0.32740084231537697
home-office-portrait,clustered_high,12,1,True,79.65238982224808,12,2.6236738849010064,1.2600674990184568,0.3554822392826021,False,2.082169317869674,3.108506421417915,0.8071449398994446,4.948575496673584,0.08333333333333333,0.20132827510696516,6.089721187013557,0.022884070598485167,0.017587647287820897,0.7464377254908826
home-office-portrait,clustered_high,12,2,True,79.65238982224808,12,3.964133065709638,1.400668114597112,0.2748674225823008,False,2.830172989873394,4.837668307061416,0.35586872696876526,4.593609809875488,0.1111111111111111,0.34510348358122694,5.778447128350172,0.05485433237163621,0.045885288984492206,0.3437791581950904
home-office-portrait,clustered_low,12,0,True,79.65238982224808,12,0.872887851947011,0.49344320858617774,0.7698720988604357,True,1.7689732815414054,1.883360282356121,0.6726576089859009,12.414863586425781,0.08333333333333333,0.15796923322624215,5.93540189449275,0.0342157393408679,0.042839678425243326,0.06853553988437147
home-office-portrait,clustered_low,12,1,True,79.65238982224808,12,3.6799442060720757,2.104315187187788,0.0850946621160986,False,1.7487609406031812,2.7137106677403025,0.32842403650283813,38.983158111572266,0.1111111111111111,0.3530053550709214,5.2644538679155675,0.14888185188807498,0.09261194902400174,0.10401934097422726
home-office-portrait,clustered_low,12,2,True,79.65238982224808,12,0.995117634869159,0.4683426349059471,0.757571152911379,True,2.124764137838955,2.084321599978481,0.6761038899421692,11.659965515136719,0.08333333333333333,0.2013282751069652,5.874946708413588,0.04498557490881472,0.045110549876956375,0.06575445723922448
home-office-portrait,uniform,16,0,True,79.65238982224808,16,3.5601732929912506,2.770763660708918,0.09897023185830496,False,1.2849068808995268,4.405531969794836,0.052078694105148315,31.737672805786133,0.2222222222222222,0.5319226099474946,4.903987455944562,0.11499442593019599,0.2649642586174527,0.26940356180826247
home-office-portrait,uniform,16,1,True,79.65238982224808,16,3.5601732929912506,2.770763660708918,0.09897023185830496,False,1.2849068808995268,4.405531969794836,0.052078694105148315,31.737672805786133,0.2222222222222222,0.5319226099474946,4.903987455944562,0.11499442593019599,0.2649642586174527,0.26940356180826247
home-office-portrait,uniform,16,2,True,79.65238982224808,16,3.5601732929912506,2.770763660708918,0.09897023185830496,False,1.2849068808995268,4.405531969794836,0.052078694105148315,31.737672805786133,0.2222222222222222,0.5319226099474946,4.903987455944562,0.11499442593019599,0.2649642586174527,0.26940356180826247
home-office-portrait,random,16,0,True,79.65238982224808,16,3.1560052955562745,1.6448548329514954,0.19740113344825436,False,1.9187135741901309,4.233050814695666,0.10280323773622513,31.625125885009766,0.16666666666666666,0.4549808751202886,5.006687067750775,0.10250902393936182,0.2670769766258528,0.28461513900769053
home-office-portrait,random,16,1,True,79.65238982224808,16,3.2125477246234526,1.4934212604063621,0.22128472770415705,False,2.1511329788818685,3.8970782095276384,0.1438017040491104,22.55579948425293,0.16666666666666666,0.46410682353773264,4.963749571878827,0.14917193459765818,0.17644842711852682,0.2709709553385524
home-office-portrait,random,16,2,True,79.65238982224808,16,3.0223199096369124,1.7315872850314684,0.1983167188333821,False,1.7454043095390293,3.2998215923179206,0.08034976571798325,27.243030548095703,0.19444444444444445,0.5033374760246063,4.9785059557958915,0.11860404656020125,0.23689043182420058,0.22483926608702318
home-office-portrait,sharpness,16,0,True,79.65238982224808,16,3.2340108076904377,1.608465944289235,0.1938593008160126,False,2.0106181415730964,3.809533582911037,0.6011798977851868,6.858034610748291,0.08333333333333333,0.29907197715946404,5.907770987401122,0.04827660512963312,0.04150641602565309,0.8639155324011423
home-office-portrait,sharpness,16,1,True,79.65238982224808,16,3.2340108076904377,1.608465944289235,0.1938593008160126,False,2.0106181415730964,3.809533582911037,0.6011798977851868,6.858034610748291,0.08333333333333333,0.29907197715946404,5.907770987401122,0.04827660512963312,0.04150641602565309,0.8639155324011423
home-office-portrait,sharpness,16,2,True,79.65238982224808,16,3.2340108076904377,1.608465944289235,0.1938593008160126,False,2.0106181415730964,3.809533582911037,0.6011798977851868,6.858034610748291,0.08333333333333333,0.29907197715946404,5.907770987401122,0.04827660512963312,0.04150641602565309,0.8639155324011423
home-office-portrait,coverage,16,0,True,79.65238982224808,16,1.8966121190919112,1.6143219185990034,0.38530345789540077,False,1.1748661139024208,3.7700255100348823,0.15537388622760773,26.67228889465332,0.2222222222222222,0.5711532624343684,4.892988847699336,0.15003104514232682,0.2585662259207785,0.13732913796256516
home-office-portrait,coverage,16,1,True,79.65238982224808,16,2.2691500151714874,2.090475809005045,0.2309192457158261,False,1.0854705925783863,5.027045102548632,0.18084853887557983,15.054014205932617,0.2222222222222222,0.5620273140169243,4.892988847699336,0.14704048317799756,0.22399056422411248,0.29529112267698643
home-office-portrait,coverage,16,2,True,79.65238982224808,16,4.366345426654403,2.3757182914612622,0.13156137977968627,False,1.8379053789112099,5.294107690774101,0.13716034591197968,32.568389892578125,0.2222222222222222,0.5711532624343684,4.892988847699336,0.1501950061048138,0.19970885868077778,0.2712720425763595
home-office-portrait,coverage_fps,16,0,True,79.65238982224808,16,2.854439717058881,1.5810911689873046,0.25433522389466334,False,1.8053606098421011,7.3038216854994795,0.09931895136833191,27.583505630493164,0.2222222222222222,0.5711532624343684,4.926479303784564,0.15117088167409568,0.23092710921406834,0.2746061297608867
home-office-portrait,coverage_fps,16,1,True,79.65238982224808,16,3.225976212789633,1.5950007912907724,0.19786489113136468,False,2.0225546159002064,4.122094357523377,0.08028428256511688,23.347946166992188,0.2222222222222222,0.5802792108518123,4.892988847699336,0.14945526064356632,0.20247217208603346,0.21881794576574926
home-office-portrait,coverage_fps,16,2,True,79.65238982224808,16,2.891457398386443,2.6769073025480257,0.14961418525188305,False,1.0801484966006094,3.2717686253723475,0.12669433653354645,21.598087310791016,0.2222222222222222,0.5711532624343684,4.892988847699336,0.14344315091770757,0.20535007982021652,0.23663679386531375
home-office-portrait,coverage_q25,16,0,True,79.65238982224808,16,2.8054336985280943,2.5122624738415325,0.12718371795538713,False,1.116696096741146,4.652625963654994,0.06457726657390594,20.37162971496582,0.2222222222222222,0.5529013655994802,4.903987455944562,0.14460083576013022,0.23790589472988194,0.25044583091958256
home-office-portrait,coverage_q25,16,1,True,79.65238982224808,16,2.645201918048644,2.2061002240884235,0.1522845994783279,False,1.1990397757842848,4.752103965291337,0.05473042279481888,32.24592590332031,0.2222222222222222,0.5711532624343684,4.903987455944562,0.158240384555739,0.19308505522497885,0.250129949855903
home-office-portrait,coverage_q25,16,2,True,79.65238982224808,16,2.998766851683269,2.6828518241195165,0.13541114296409845,False,1.11775343860723,5.486147398215205,0.11723215132951736,21.242591857910156,0.2222222222222222,0.5620273140169243,4.903987455944562,0.15453798237551872,0.1807654347086288,0.3076352665612601
home-office-portrait,coverage_q75,16,0,True,79.65238982224808,16,3.7136826867661843,1.567296418449512,0.20354067033165207,False,2.369483298149842,3.6327119956081897,0.5748790502548218,15.251985549926758,0.1111111111111111,0.3244575662821792,5.860342142626143,0.04750506972177583,0.05321716562212713,0.6964605588872942
home-office-portrait,coverage_q75,16,1,True,79.65238982224808,16,3.5126831675054317,1.5655446414226364,0.17495262869724904,False,2.2437451316069774,3.429472654456541,0.5698463320732117,15.519619941711426,0.1111111111111111,0.35034901356476544,5.860342142626143,0.04736069053380088,0.05382239654723708,0.671705008114193
home-office-portrait,coverage_q75,16,2,True,79.65238982224808,16,3.8497452861963923,1.674854850183905,0.20039383013407613,False,2.2985545796841302,3.644811802472562,0.6138124465942383,19.29541015625,0.1111111111111111,0.35034901356476544,5.860342142626143,0.04885062651958404,0.05285522904090744,0.6741531347107091
home-office-portrait,spread_high,16,0,True,79.65238982224808,16,3.2350765024820007,2.7734467349436644,0.120527144901878,False,1.1664462351925116,6.069684811806703,0.12703227996826172,24.022918701171875,0.2222222222222222,0.5529013655994802,5.051904677586214,0.1284845214951734,0.19975887534316075,0.38530478974429383
home-office-portrait,spread_high,16,1,True,79.65238982224808,16,3.7346379230642035,2.1504962250263495,0.08320675517443676,False,1.7366400738594385,6.235416284842345,0.07398903369903564,27.053144454956055,0.2222222222222222,0.5529013655994802,5.051904677586214,0.13040853284933715,0.1951877012794028,0.3718945800839905
home-office-portrait,spread_high,16,2,True,79.65238982224808,16,3.9552737347196603,3.4475923910117965,0.2990499670938864,False,1.1472567769413338,5.601237373244333,0.07381465286016464,33.1820182800293,0.2222222222222222,0.5620273140169243,5.051904677586214,0.13229178059401295,0.19281223428444466,0.3100466031575615
home-office-portrait,spread_low,16,0,True,79.65238982224808,16,2.003963758476855,1.420701996676273,0.4107896914816008,False,1.4105447610865054,4.243974077824015,0.11925341188907623,20.559112548828125,0.2222222222222222,0.5620273140169243,4.892988847699336,0.148614194181162,0.1979263111948404,0.0734811582029068
home-office-portrait,spread_low,16,1,True,79.65238982224808,16,1.936267781112405,1.2896414189572545,0.4482635531498468,False,1.5014001199480576,4.995627491842238,0.10449221730232239,25.11423683166504,0.2222222222222222,0.5711532624343684,4.892988847699336,0.15446178658637974,0.1982393767846906,0.0659129462501399
home-office-portrait,spread_low,16,2,True,79.65238982224808,16,2.0786426196905325,1.1225641686779915,0.4630898379313415,True,1.8516915804808598,5.429115631952158,0.14744718372821808,19.177610397338867,0.2222222222222222,0.5620273140169243,4.892988847699336,0.16353560107559945,0.2132436065892497,0.09384467720496065
home-office-portrait,clustered_high,16,0,True,79.65238982224808,16,3.86274111215974,1.4252040127968968,0.25506999631455757,False,2.7103074910512563,5.011931506187036,0.3220028281211853,6.958895683288574,0.1111111111111111,0.3491417248942092,5.74086337256358,0.06439285557248381,0.0410303582353181,0.3339998207076399
home-office-portrait,clustered_high,16,1,True,79.65238982224808,16,2.5967948715541174,1.2851753945219127,0.3540441853398782,False,2.0205762440076356,3.0669529221462346,0.7833582162857056,6.451631546020508,0.08333333333333333,0.27461456740811574,6.046784292698585,0.028528364621259107,0.015760067632066728,0.770310779232442
home-office-portrait,clustered_high,16,2,True,79.65238982224808,16,4.052984233026535,1.4490408496576956,0.27743710735783467,False,2.7970117157041945,4.996678603712512,0.369373083114624,4.85865592956543,0.1388888888888889,0.3883723773810829,5.728528749776273,0.063885079130827,0.03908938609401592,0.359215609617443
home-office-portrait,clustered_low,16,0,True,79.65238982224808,16,1.1813536959371815,0.6262129348326627,0.6973483479597742,True,1.8865047817207163,2.495260011186714,0.7641488313674927,16.035552978515625,0.1111111111111111,0.25618559126721213,5.745613506477716,0.060573797340117204,0.04604920380077263,0.056552301527742155
home-office-portrait,clustered_low,16,1,True,79.65238982224808,16,2.991911629329617,2.0717948273989117,0.13074019196340572,False,1.4441157926269608,2.950822859627505,0.22261305153369904,43.20481491088867,0.1111111111111111,0.3383026296463377,5.22018667534994,0.1518197513602809,0.07282147621587634,0.10770733470163887
home-office-portrait,clustered_low,16,2,True,79.65238982224808,16,1.2728840128344132,0.5862761386717078,0.6926083793619784,True,2.1711339228615265,2.60916292079856,0.7911874651908875,15.213101387023926,0.1111111111111111,0.29045188690189117,5.681477613026324,0.0708201088185873,0.04834404960960681,0.0571296012943844
home-office-portrait,uniform,24,0,True,79.65238982224808,24,2.77144581203106,2.5463104854857646,0.13928196602802617,False,1.088416290090541,3.1756483865779437,0.09706559032201767,31.984411239624023,0.2222222222222222,0.5321086828136211,4.892988847699336,0.11353020458454263,0.19837241930280622,0.27172048712956737
home-office-portrait,uniform,24,1,True,79.65238982224808,24,2.77144581203106,2.5463104854857646,0.13928196602802617,False,1.088416290090541,3.1756483865779437,0.09706559032201767,31.984411239624023,0.2222222222222222,0.5321086828136211,4.892988847699336,0.11353020458454263,0.19837241930280622,0.27172048712956737
home-office-portrait,uniform,24,2,True,79.65238982224808,24,2.77144581203106,2.5463104854857646,0.13928196602802617,False,1.088416290090541,3.1756483865779437,0.09706559032201767,31.984411239624023,0.2222222222222222,0.5321086828136211,4.892988847699336,0.11353020458454263,0.19837241930280622,0.27172048712956737
home-office-portrait,random,24,0,True,79.65238982224808,24,3.45634042862825,2.555730373362667,0.042599695861718134,False,1.3523885244907967,5.064800983465997,0.10590767860412598,26.693084716796875,0.2222222222222222,0.5167946749592194,4.933984498147268,0.11472499391618593,0.16911384408828806,0.2818315146049318
home-office-portrait,random,24,1,True,79.65238982224808,24,2.6004173898061405,2.4710450378928464,0.14800306083132223,False,1.0523553192796578,5.439356370980626,0.08340596407651901,20.532196044921875,0.19444444444444445,0.48455694102300756,4.899749045998922,0.13368028470826426,0.13471709206442165,0.26682353147764576
home-office-portrait,random,24,2,True,79.65238982224808,24,3.1178176800961266,2.4863773510285023,0.07670270645171745,False,1.2539599746621026,6.813126701581172,0.15437795221805573,29.422231674194336,0.19444444444444445,0.5038218846222565,5.002342023205122,0.12103691151698959,0.16869042529893113,0.24536951710694946
home-office-portrait,sharpness,24,0,True,79.65238982224808,24,3.1847258933894347,1.5475826832269348,0.2138373765045229,False,2.057871238743004,3.61287254638622,0.6062961220741272,7.296270847320557,0.08333333333333333,0.29562689957448796,5.907770987401122,0.044550618894326974,0.0273927958647488,0.8285927900370696
home-office-portrait,sharpness,24,1,True,79.65238982224808,24,3.1847258933894347,1.5475826832269348,0.2138373765045229,False,2.057871238743004,3.61287254638622,0.6062961220741272,7.296270847320557,0.08333333333333333,0.29562689957448796,5.907770987401122,0.044550618894326974,0.0273927958647488,0.8285927900370696
home-office-portrait,sharpness,24,2,True,79.65238982224808,24,3.1847258933894347,1.5475826832269348,0.2138373765045229,False,2.057871238743004,3.61287254638622,0.6062961220741272,7.296270847320557,0.08333333333333333,0.29562689957448796,5.907770987401122,0.044550618894326974,0.0273927958647488,0.8285927900370696
home-office-portrait,coverage,24,0,True,79.65238982224808,24,2.078661491193964,1.493246031247601,0.3846839419124961,False,1.3920422004786785,3.4021154930252955,0.18185673654079437,24.939491271972656,0.2222222222222222,0.5723773393621181,4.892988847699336,0.14848163197865707,0.16863014733963813,0.14864771999805976
home-office-portrait,coverage,24,1,True,79.65238982224808,24,2.1323025493575094,1.6104174182291737,0.3521727239840073,False,1.3240682354902769,5.169623884205169,0.15201301872730255,19.616363525390625,0.2222222222222222,0.5763282751069652,4.892988847699336,0.1453820174843036,0.1604050523342346,0.2614190151767804
home-office-portrait,coverage,24,2,True,79.65238982224808,24,2.567695725007266,2.3920250563000565,0.13600379135571888,False,1.0734401457227767,5.992004500769367,0.14850667119026184,28.881628036499023,0.2222222222222222,0.5723773393621181,4.892988847699336,0.14542245839349227,0.15793073134577745,0.26465562535494314
home-office-portrait,coverage_fps,24,0,True,79.65238982224808,24,3.278632501338898,2.1744944521483136,0.06770944777631525,False,1.5077677011775037,7.253941823099726,0.11632981151342392,28.023231506347656,0.2222222222222222,0.572377339362118,4.926479303784564,0.13816455332934313,0.16737150715061067,0.26630458133915696
home-office-portrait,coverage_fps,24,1,True,79.65238982224808,24,2.52848636576315,1.8614452173876939,0.24199835340603798,False,1.3583458391064365,5.312270393342937,0.11698192358016968,27.665990829467773,0.2222222222222222,0.5763282751069652,4.892988847699336,0.14134433812899,0.135989052903716,0.22429198280805573
home-office-portrait,coverage_fps,24,2,True,79.65238982224808,24,2.1422523721495583,1.742378455873489,0.322828054922197,False,1.2294988869542722,4.496328231968331,0.21410702168941498,27.939054489135742,0.2222222222222222,0.5763282751069652,4.892988847699336,0.14217030473124465,0.1650009989867467,0.2697985099266134
home-office-portrait,coverage_q25,24,0,True,79.65238982224808,24,2.1733624348254414,2.0401333543496785,0.25536759691494487,False,1.0653041038673825,4.429850908491266,0.09450287371873856,23.717981338500977,0.2222222222222222,0.572377339362118,4.903987455944562,0.15050234244619692,0.16478313266651695,0.23111194290474354
home-office-portrait,coverage_q25,24,1,True,79.65238982224808,24,2.707269052244741,2.2898843857904136,0.12562116839310555,False,1.1822732488348997,5.614356384031536,0.06892737001180649,30.940927505493164,0.2222222222222222,0.5763282751069652,4.903987455944562,0.1475704747815687,0.14036665359817765,0.2604586734972943
home-office-portrait,coverage_q25,24,2,True,79.65238982224808,24,3.6050698372115035,2.7473130242627866,0.100478541837941,False,1.3122166296208229,6.283785064094024,0.07732176035642624,24.233060836791992,0.2222222222222222,0.5763282751069652,4.903987455944562,0.14892841980832633,0.15183164106593555,0.2863947868319315
home-office-portrait,coverage_q75,24,0,True,79.65238982224808,24,3.7227120407530103,1.573888978011915,0.20344715770485292,False,2.365295197286036,3.690653649595459,0.5672518610954285,14.15195083618164,0.1111111111111111,0.31799322675787667,5.860342142626143,0.042860926924086204,0.03757272061094879,0.6995826699484241
home-office-portrait,coverage_q75,24,1,True,79.65238982224808,24,3.825601482055159,1.6191819597938422,0.2086907765038321,False,2.362675460231933,3.712611884151796,0.5609083771705627,15.081839561462402,0.1111111111111111,0.3347534582360333,5.860342142626143,0.04423301578767647,0.0357323243827609,0.6784791648638934
home-office-portrait,coverage_q75,24,2,True,79.65238982224808,24,4.0433314403715785,1.699034992034933,0.22316996863183158,False,2.3797811459603215,3.8089240748075754,0.5870422720909119,17.46483039855957,0.1111111111111111,0.3347534582360333,5.860342142626143,0.044464744567657165,0.0357323243827609,0.6734245214777443
home-office-portrait,spread_high,24,0,True,79.65238982224808,24,3.7906463924994727,2.3762026545154398,0.04872126261989688,False,1.595253832957471,6.459834541350427,0.057255856692790985,27.828638076782227,0.2222222222222222,0.542480822943345,5.051904677586214,0.12848685077177338,0.1360411840478962,0.3510914799824784
home-office-portrait,spread_high,24,1,True,79.65238982224808,24,3.5349211906085496,3.1563322513755616,0.17688397036082446,False,1.1199458450763524,5.835420257823962,0.06911813467741013,26.67472267150879,0.2222222222222222,0.5493696476686785,5.051904677586214,0.12693657720031826,0.13005447603202872,0.4070551087354934
home-office-portrait,spread_high,24,2,True,79.65238982224808,24,3.7329150987184434,2.939159230303325,0.15947508888333167,False,1.2700622205940173,4.410606543930195,0.03872371092438698,26.676084518432617,0.2222222222222222,0.5493696476686785,5.051904677586214,0.12489562965470934,0.13348211938067472,0.3495990154768096
home-office-portrait,spread_low,24,0,True,79.65238982224808,24,4.351572141733878,2.0797484808304554,0.18705409262200046,False,2.092355004387968,4.38011391421554,0.11812668293714523,25.182443618774414,0.2222222222222222,0.5763282751069652,4.892988847699336,0.14984037613939616,0.1319626118773356,0.07294294575187686
home-office-portrait,spread_low,24,1,True,79.65238982224808,24,2.476191641922043,1.985280952269385,0.22334001814727417,False,1.2472751723586002,3.9477851335024083,0.12625758349895477,20.08406639099121,0.2222222222222222,0.5763282751069652,4.892988847699336,0.14993597073851914,0.13434168429530705,0.07314902545343599
home-office-portrait,spread_low,24,2,True,79.65238982224808,24,1.819733358408552,1.3094967463319218,0.4608533783455351,False,1.3896432835788803,5.095283235272518,0.16080953180789948,21.579790115356445,0.2222222222222222,0.5763282751069652,4.892988847699336,0.1486404907908217,0.14172965489742548,0.08742526904041269
home-office-portrait,clustered_high,24,0,True,79.65238982224808,24,3.910896581205317,1.488633859518049,0.2485917982624769,False,2.627171588365916,4.988801926765701,0.48843902349472046,5.391345977783203,0.1388888888888889,0.3769080406580446,5.726355859968636,0.06432741427748487,0.0314064461089841,0.45020753690980514
home-office-portrait,clustered_high,24,1,True,79.65238982224808,24,2.7175689063772372,1.362052032939624,0.3203837024112747,False,1.9952019751492853,3.030761712135652,0.7554646134376526,9.745524406433105,0.08333333333333333,0.2931676291863722,6.00803202523513,0.03333404458683355,0.015372525960415462,0.7601923494201624
home-office-portrait,clustered_high,24,2,True,79.65238982224808,24,3.9851633218045084,1.536860752432399,0.2490911111869416,False,2.5930542604443283,4.933293576643385,0.5182548761367798,5.961643218994141,0.1388888888888889,0.3659781454078842,5.726355859968636,0.061246074320555864,0.030923503670909964,0.4684068298048605
home-office-portrait,clustered_low,24,0,True,79.65238982224808,24,1.5545039688952274,0.9470793004246095,0.5757208807198996,True,1.6413662173782995,3.36411842669769,0.6958646178245544,21.763748168945312,0.1388888888888889,0.39383176673985476,5.45936580296297,0.10507030936509709,0.045033449229422436,0.05859206366492897
home-office-portrait,clustered_low,24,1,True,79.65238982224808,24,3.0689610158651304,1.6603182359445858,0.20667117047386152,False,1.8484173391730179,3.3772405300676622,0.259311318397522,36.9600944519043,0.1111111111111111,0.3282142009804796,5.195618312830576,0.15243968232445942,0.05429224127300792,0.10377190201886122
home-office-portrait,clustered_low,24,2,True,79.65238982224808,24,1.63622856921211,0.9729741522148054,0.5584695516588162,True,1.681677324610856,3.5313337053833935,0.6995370388031006,21.253454208374023,0.1388888888888889,0.378517758885453,5.45936580296297,0.10921834295341108,0.04416034357574245,0.061759053435097584
home-office-portrait,uniform,32,0,True,79.65238982224808,32,3.832758652655585,2.0107672820773637,0.1268974476577108,False,1.9061174740698414,5.35866619188492,0.10844255238771439,27.362022399902344,0.2222222222222222,0.5332860393560435,4.896008219682461,0.11337641556075903,0.15398119254770076,0.2731786613905254
home-office-portrait,uniform,32,1,True,79.65238982224808,32,3.832758652655585,2.0107672820773637,0.1268974476577108,False,1.9061174740698414,5.35866619188492,0.10844255238771439,27.362022399902344,0.2222222222222222,0.5332860393560435,4.896008219682461,0.11337641556075903,0.15398119254770076,0.2731786613905254
home-office-portrait,uniform,32,2,True,79.65238982224808,32,3.832758652655585,2.0107672820773637,0.1268974476577108,False,1.9061174740698414,5.35866619188492,0.10844255238771439,27.362022399902344,0.2222222222222222,0.5332860393560435,4.896008219682461,0.11337641556075903,0.15398119254770076,0.2731786613905254
home-office-portrait,random,32,0,True,79.65238982224808,32,2.8325338052383833,2.644690585569939,0.1512892915267211,False,1.071026539245597,5.593542722211954,0.12988188862800598,23.1348876953125,0.2222222222222222,0.5474818179755445,4.9096704007109,0.12161132770652378,0.15361755752496617,0.29645251877135304
home-office-portrait,random,32,1,True,79.65238982224808,32,3.15927009960426,3.0720895502998418,0.1946149331863099,False,1.0283782578199614,4.969478752044148,0.09813358634710312,33.918827056884766,0.19444444444444445,0.4933549541919486,5.145281498874112,0.09765100054053788,0.11923121092319638,0.2890617814657916
home-office-portrait,random,32,2,True,79.65238982224808,32,3.587411669991175,2.0088220371778758,0.09196106383625396,False,1.7858285122314792,5.6903601598841105,0.10341225564479828,27.5283203125,0.2222222222222222,0.5615798104196387,4.896008219682461,0.12403661039586719,0.10915538036212746,0.21388549520384412
home-office-portrait,sharpness,32,0,True,79.65238982224808,32,3.347117218383952,1.6050693461957488,0.1782821616547025,False,2.085341188726278,3.549868498282315,0.6117737889289856,11.346214294433594,0.08333333333333333,0.2826893678929959,5.907770987401122,0.04263173523201877,0.02420672597624028,0.7905036315910201
home-office-portrait,sharpness,32,1,True,79.65238982224808,32,3.347117218383952,1.6050693461957488,0.1782821616547025,False,2.085341188726278,3.549868498282315,0.6117737889289856,11.346214294433594,0.08333333333333333,0.2826893678929959,5.907770987401122,0.04263173523201877,0.02420672597624028,0.7905036315910201
home-office-portrait,sharpness,32,2,True,79.65238982224808,32,3.347117218383952,1.6050693461957488,0.1782821616547025,False,2.085341188726278,3.549868498282315,0.6117737889289856,11.346214294433594,0.08333333333333333,0.2826893678929959,5.907770987401122,0.04263173523201877,0.02420672597624028,0.7905036315910201
home-office-portrait,coverage,32,0,True,79.65238982224808,32,2.0983135234979464,1.4730334375339222,0.3861277984981337,False,1.4244846518968615,4.693218455801855,0.18433304131031036,33.034156799316406,0.2222222222222222,0.5758723773810828,4.892988847699336,0.14422520195455255,0.12708847368083112,0.17022838165343412
home-office-portrait,coverage,32,1,True,79.65238982224808,32,2.194166509123821,1.7746948713156003,0.30851337306835436,False,1.2363626810378179,5.296893931439893,0.19967876374721527,22.83331298828125,0.2222222222222222,0.5758723773810828,4.892988847699336,0.14097625955265225,0.13936573841443908,0.22239486060198332
home-office-portrait,coverage,32,2,True,79.65238982224808,32,4.099044756772717,2.4541915199065074,0.10964855375872384,False,1.6702220358616797,6.151793511074918,0.11475834995508194,42.480892181396484,0.2222222222222222,0.573668960645718,4.892988847699336,0.13936732836875013,0.11933627276940549,0.29303199248796874
home-office-portrait,coverage_fps,32,0,True,79.65238982224808,32,3.5008405949802675,2.212005027697627,0.03651315280116613,False,1.582654899579559,6.391777257306153,0.11004865914583206,25.667274475097656,0.2222222222222222,0.5758723773810828,4.892988847699336,0.1450597908414445,0.13501822826428592,0.24796047744292352
home-office-portrait,coverage_fps,32,1,True,79.65238982224808,32,2.336456252899083,2.247375753008306,0.1880362326882183,False,1.0396375638437565,5.008246735739268,0.15345539152622223,30.5809268951416,0.2222222222222222,0.5780757941164476,4.892988847699336,0.14264945658473305,0.10715713093848668,0.2413661029398775
home-office-portrait,coverage_fps,32,2,True,79.65238982224808,32,2.515276218672203,1.8058356929803905,0.25566358510437315,False,1.3928599531228318,5.156750138817698,0.2624160647392273,23.044876098632812,0.2222222222222222,0.5729091755724474,4.892988847699336,0.14579255306370797,0.12496750762588565,0.23989311629060328
home-office-portrait,coverage_q25,32,0,True,79.65238982224808,32,3.4346090741763096,2.735080916497062,0.08366515012629389,False,1.255761412198058,6.002551553119738,0.08451231569051743,27.781023025512695,0.2222222222222222,0.5736689606457182,4.903987455944562,0.14110720243104244,0.13473648747405967,0.2683106400911295
home-office-portrait,coverage_q25,32,1,True,79.65238982224808,32,2.7246760726706007,2.5435284589895826,0.14543178444147853,False,1.0712190237309076,5.782669308251709,0.09131171554327011,34.97849655151367,0.2222222222222222,0.5758723773810828,4.903987455944562,0.14315223866835142,0.12597563318418267,0.2656847044142648
home-office-portrait,coverage_q25,32,2,True,79.65238982224808,32,3.4251928998016403,2.354470771767705,0.00852716665180098,False,1.4547612741142892,5.710481517391846,0.0868062973022461,28.194068908691406,0.2222222222222222,0.5758723773810828,4.903987455944562,0.13949354538831824,0.13988718986073553,0.28760589818127563
home-office-portrait,coverage_q75,32,0,True,79.65238982224808,32,3.8664731586776577,1.6194945123202091,0.2145131647199884,False,2.387456783128125,3.7631603848645243,0.5527623891830444,15.593798637390137,0.1111111111111111,0.33073368732132863,5.860342142626143,0.04289589448290134,0.028462241993713562,0.7069867865322883
home-office-portrait,coverage_q75,32,1,True,79.65238982224808,32,3.8123481956327803,1.6207266082194083,0.20645462891671423,False,2.3522463173608106,3.66820055933308,0.5683571696281433,15.551446914672852,0.1111111111111111,0.33073368732132863,5.860342142626143,0.04281827199029305,0.026511079380758088,0.6888647102804657
home-office-portrait,coverage_q75,32,2,True,79.65238982224808,32,3.9458439437594026,1.6673360685577123,0.21582933439217666,False,2.366555860074842,3.6949097346024358,0.5788502097129822,16.883859634399414,0.1111111111111111,0.33073368732132863,5.860342142626143,0.04292131712517621,0.026511079380758088,0.6922411684078007
home-office-portrait,spread_high,32,0,True,79.65238982224808,32,4.778600254882526,2.6143361149805364,0.24142630331187434,False,1.8278446399835249,6.426309005730227,0.042673878371715546,25.541427612304688,0.2222222222222222,0.5331892510141004,5.051904677586214,0.11342092615223946,0.10254242714208497,0.4359406540482714
home-office-portrait,spread_high,32,1,True,79.65238982224808,32,4.341886471956451,2.742221908128897,0.2055569434431868,False,1.5833461395248842,4.957924232567768,0.10894885659217834,32.29711151123047,0.2222222222222222,0.5331892510141004,5.051904677586214,0.11582150069290656,0.10685407062492622,0.39291111704538006
home-office-portrait,spread_high,32,2,True,79.65238982224808,32,3.9610379289848368,2.477675627991421,0.09473266520714232,False,1.5986910813648088,4.345637276833811,0.0554790236055851,26.52378273010254,0.2222222222222222,0.5331892510141004,5.051904677586214,0.11532659900113346,0.106966378822804,0.3626349452963036
home-office-portrait,spread_low,32,0,True,79.65238982224808,32,2.555643368953972,1.5862991064763503,0.2962821124664482,False,1.6110728162930308,3.989698482686344,0.11760719865560532,22.5821475982666,0.2222222222222222,0.5758723773810828,4.892988847699336,0.1445742171440659,0.10704897871489168,0.07794862641114852
home-office-portrait,spread_low,32,1,True,79.65238982224808,32,1.7713326182723,1.757111303060099,0.3731513434334136,False,1.0080935767628572,5.1355138270430505,0.15309637784957886,23.934179306030273,0.2222222222222222,0.5758723773810828,4.892988847699336,0.1434282464191522,0.11995863394686473,0.0763754390781374
home-office-portrait,spread_low,32,2,True,79.65238982224808,32,1.8020836465815233,1.5992702888355472,0.402106019134583,False,1.1268161855827683,5.768945530318531,0.20094498991966248,25.125125885009766,0.2222222222222222,0.5758723773810828,4.892988847699336,0.14299215826613107,0.12093607171546965,0.08463878379936704
home-office-portrait,clustered_high,32,0,True,79.65238982224808,32,3.563296068292933,1.4468258893411234,0.20735485581146998,False,2.462836817162318,4.846776058424118,0.36660391092300415,7.423392295837402,0.1388888888888889,0.3618772857632185,5.726355859968636,0.05830975070168068,0.037880316698264534,0.5090705709387721
home-office-portrait,clustered_high,32,1,True,79.65238982224808,32,2.996204280151715,1.4633021871661682,0.2588244370132713,False,2.0475635903710128,3.175809992330268,0.6905733346939087,12.3472318649292,0.08333333333333333,0.28398425912740227,5.967961189882073,0.03512607246896497,0.019949651698271426,0.7361221740259356
home-office-portrait,clustered_high,32,2,True,79.65238982224808,32,3.4981523763167215,1.4821459694459043,0.19049884788892787,False,2.3601942375652074,5.091065653874601,0.3821902573108673,6.3969407081604,0.1388888888888889,0.36665142057768835,5.726355859968636,0.05918706790456611,0.033656846377324814,0.5280666685304267
home-office-portrait,clustered_low,32,0,True,79.65238982224808,32,1.6380937037747463,1.266154533518562,0.4961900512824039,False,1.293754956768657,3.6966031042966985,0.6491471529006958,27.035964965820312,0.1388888888888889,0.42119560286814767,5.45936580296297,0.10301511919372464,0.04730084377219111,0.07174329544716115
home-office-portrait,clustered_low,32,1,True,79.65238982224808,32,2.8719080810712767,1.9098813886784742,0.1822758611952668,False,1.5037101770275214,3.749689738606416,0.3066752552986145,30.537994384765625,0.16666666666666666,0.42027783084479,5.195618312830576,0.1454691927392222,0.05750598229854751,0.10424315056111094
home-office-portrait,clustered_low,32,2,True,79.65238982224808,32,1.7395362118635793,1.3697010254670459,0.4596737561467118,False,1.270011615323443,3.797076387076901,0.6342635154724121,26.43795394897461,0.1388888888888889,0.41281285343557655,5.45936580296297,0.10256352760420126,0.04700167150027784,0.0726828983750224
home-office-portrait,uniform,48,0,True,79.65238982224808,48,3.308048595465999,2.0212405672512546,0.09588622427049513,False,1.6366426881906062,5.088009924300975,0.11708396673202515,32.3408088684082,0.2222222222222222,0.5419507222296,4.899749045998922,0.11298008282535511,0.10279020574994881,0.2741546065695534
home-office-portrait,uniform,48,1,True,79.65238982224808,48,3.308048595465999,2.0212405672512546,0.09588622427049513,False,1.6366426881906062,5.088009924300975,0.11708396673202515,32.3408088684082,0.2222222222222222,0.5419507222296,4.899749045998922,0.11298008282535511,0.10279020574994881,0.2741546065695534
home-office-portrait,uniform,48,2,True,79.65238982224808,48,3.308048595465999,2.0212405672512546,0.09588622427049513,False,1.6366426881906062,5.088009924300975,0.11708396673202515,32.3408088684082,0.2222222222222222,0.5419507222296,4.899749045998922,0.11298008282535511,0.10279020574994881,0.2741546065695534
home-office-portrait,random,48,0,True,79.65238982224808,48,5.139308492096499,2.3924531702928182,0.24646392973777898,False,2.1481333703461734,5.0279306462596836,0.16824321448802948,27.48557472229004,0.2222222222222222,0.5041654369014047,5.085277452775168,0.08632564824232077,0.09257794568667975,0.3283829033202383
home-office-portrait,random,48,1,True,79.65238982224808,48,3.7876385042017278,2.162834912511984,0.08823293236061283,False,1.7512379157051088,5.0599220680695565,0.14720317721366882,34.78624725341797,0.2222222222222222,0.5409729754113782,4.9510476663039285,0.11240255368799942,0.09488944223962868,0.26736187445396425
home-office-portrait,random,48,2,True,79.65238982224808,48,2.9766129238811123,1.843756361805443,0.18117689270554616,False,1.614428557668191,4.110023279641703,0.09658431261777878,29.577239990234375,0.2222222222222222,0.5429769541555697,4.892988847699336,0.13346394201374073,0.10060231048381837,0.2498832438054895
home-office-portrait,sharpness,48,0,True,79.65238982224808,48,3.7125455078983545,1.6481716293367894,0.1862708620059902,False,2.252523609687574,3.83014729535956,0.5295533537864685,16.354694366455078,0.1111111111111111,0.31034423596584204,5.869264411708632,0.04365662364687278,0.024265716800751923,0.703395914955475
home-office-portrait,sharpness,48,1,True,79.65238982224808,48,3.7125455078983545,1.6481716293367894,0.1862708620059902,False,2.252523609687574,3.83014729535956,0.5295533537864685,16.354694366455078,0.1111111111111111,0.31034423596584204,5.869264411708632,0.04365662364687278,0.024265716800751923,0.703395914955475
home-office-portrait,sharpness,48,2,True,79.65238982224808,48,3.7125455078983545,1.6481716293367894,0.1862708620059902,False,2.252523609687574,3.83014729535956,0.5295533537864685,16.354694366455078,0.1111111111111111,0.31034423596584204,5.869264411708632,0.04365662364687278,0.024265716800751923,0.703395914955475
home-office-portrait,coverage,48,0,True,79.65238982224808,48,2.225413025239857,2.0244237094583823,0.2511912810737184,False,1.0992822376276394,4.4743490421181695,0.1690254807472229,29.379133224487305,0.2222222222222222,0.5783322538511566,4.892988847699336,0.1424927717846914,0.08472657805707223,0.1694003662923221
home-office-portrait,coverage,48,1,True,79.65238982224808,48,2.364559435105236,1.908453517240512,0.2556730053812154,False,1.2389924165007806,5.137357723967611,0.1800246685743332,25.82240867614746,0.2222222222222222,0.5783322538511565,4.892988847699336,0.14285609198951063,0.0967509581987686,0.22919200153889582
home-office-portrait,coverage,48,2,True,79.65238982224808,48,3.0325513942780713,1.8799696222946114,0.16545818952277408,False,1.6130853170790427,5.194606559424983,0.16291256248950958,35.23331069946289,0.2222222222222222,0.5783322538511566,4.892988847699336,0.13962676825325396,0.08100163692072475,0.2490232310163618
home-office-portrait,coverage_fps,48,0,True,79.65238982224808,48,3.53371512531369,1.9858603509419384,0.08908149505574733,False,1.7794378762019036,5.502529935102351,0.18203116953372955,27.464147567749023,0.2222222222222222,0.5755519268650288,4.892988847699336,0.13884935323153824,0.08991733269976417,0.2279085350607365
home-office-portrait,coverage_fps,48,1,True,79.65238982224808,48,2.775146945317381,1.8313262465445834,0.21283176027964001,False,1.5153755102640147,5.747776615940904,0.10603417456150055,30.740041732788086,0.2222222222222222,0.5761881665921094,4.892988847699336,0.14100842229156327,0.0786032021386454,0.24882977612684365
home-office-portrait,coverage_fps,48,2,True,79.65238982224808,48,1.9126902412261226,1.8981618896694568,0.32295184939729893,False,1.0076539054101417,4.986884939517209,0.18322332203388214,29.6711483001709,0.2222222222222222,0.5743813181063093,4.892988847699336,0.14197168529704196,0.0968990556089557,0.22621526296754965
home-office-portrait,coverage_q25,48,0,True,79.65238982224808,48,3.6323340216172855,2.0944715728400705,0.080317359765319,False,1.7342484227140393,5.563202954460138,0.1130230575799942,28.179046630859375,0.2222222222222222,0.5765254053653567,4.903987455944562,0.1397952670491155,0.09544254204197583,0.24915157138509128
home-office-portrait,coverage_q25,48,1,True,79.65238982224808,48,2.9663474034983315,2.7146123848541337,0.14679960143159765,False,1.0927333198834295,6.168613067441257,0.1104559451341629,42.356834411621094,0.2222222222222222,0.5783322538511565,4.903987455944562,0.13857061279213456,0.09171504661848348,0.3003284760189869
home-office-portrait,coverage_q25,48,2,True,79.65238982224808,48,3.3734464573968737,1.9405001837283251,0.1035416263135214,False,1.7384417098664726,4.841473462740092,0.11373782157897949,24.69708824157715,0.2222222222222222,0.5783322538511565,4.903987455944562,0.1372286144281115,0.09868569719437241,0.24963436697886277
home-office-portrait,coverage_q75,48,0,True,79.65238982224808,48,3.8783833269349346,1.6949853785866296,0.20026197053078948,False,2.2881514943621166,3.8567372465228154,0.5532289147377014,16.900691986083984,0.1111111111111111,0.3284898158455152,5.860342142626143,0.044464543097965374,0.024455552313145293,0.6944104504484873
home-office-portrait,coverage_q75,48,1,True,79.65238982224808,48,3.8783833269349346,1.6949853785866296,0.20026197053078948,False,2.2881514943621166,3.8567372465228154,0.5532289147377014,16.900691986083984,0.1111111111111111,0.3284898158455152,5.860342142626143,0.044464543097965374,0.024455552313145293,0.6944104504484873
home-office-portrait,coverage_q75,48,2,True,79.65238982224808,48,3.8783833269349346,1.6949853785866296,0.20026197053078948,False,2.2881514943621166,3.8567372465228154,0.5532289147377014,16.900691986083984,0.1111111111111111,0.3284898158455152,5.860342142626143,0.044464543097965374,0.024455552313145293,0.6944104504484873
home-office-portrait,spread_high,48,0,True,79.65238982224808,48,5.38465941720386,3.3005162284027403,0.47387736717038553,False,1.6314597610113024,3.8569490350153295,0.07518719881772995,31.19831657409668,0.2222222222222222,0.5048064205148495,5.051904677586214,0.09948947744620833,0.07542606038771665,0.42798802466692426
home-office-portrait,spread_high,48,1,True,79.65238982224808,48,4.987459898015147,2.787739149198262,0.30819389018862225,False,1.7890697913574563,4.312146782983493,0.08857984095811844,40.78660583496094,0.2222222222222222,0.5041591233955038,5.051904677586214,0.10040554158092926,0.07728691698653219,0.4159553120378218
home-office-portrait,spread_high,48,2,True,79.65238982224808,48,4.215751841449118,2.8027462585618528,0.20018592273750407,False,1.504150376999275,4.053192425929778,0.06475722044706345,36.1468620300293,0.2222222222222222,0.5046883676441725,5.051904677586214,0.1017888016655028,0.0723182492753238,0.38628538469662604
home-office-portrait,spread_low,48,0,True,79.65238982224808,48,1.5790758334299744,1.4201974712302208,0.47211119212261954,False,1.1118706133606393,4.726894225880098,0.14954069256782532,24.375259399414062,0.2222222222222222,0.5706752499239557,4.892988847699336,0.1479412005775962,0.08035245266656965,0.08229546535408928
home-office-portrait,spread_low,48,1,True,79.65238982224808,48,1.6622423603172936,1.6148895374375865,0.41894970510329965,False,1.029322638968139,5.1519183909462,0.16149702668190002,25.659975051879883,0.2222222222222222,0.572819337183003,4.892988847699336,0.14899432183034347,0.08244571876234777,0.08408766248830656
home-office-portrait,spread_low,48,2,True,79.65238982224808,48,2.262265400489005,1.5171213798168157,0.35318172325077235,False,1.4911564958382968,5.726951536119092,0.1892157346010208,25.62268829345703,0.2222222222222222,0.572819337183003,4.892988847699336,0.14882426245755595,0.08121882168310672,0.08693033515598862
home-office-portrait,clustered_high,48,0,True,79.65238982224808,48,3.1370538686787395,1.524694351353223,0.2255467449390325,False,2.0574968785674894,5.050212384946576,0.41289132833480835,8.363526344299316,0.19444444444444445,0.39831867078153665,5.394093152092354,0.06356065213580256,0.04345559769452969,0.5677003625517075
home-office-portrait,clustered_high,48,1,True,79.65238982224808,48,3.9279793203529447,1.6972295470857097,0.20693273796401063,False,2.314347712775579,3.761760560939215,0.577674150466919,17.43507194519043,0.1111111111111111,0.33371683414010783,5.860342142626143,0.044502804646971345,0.017486031080925543,0.6996393942836875
home-office-portrait,clustered_high,48,2,True,79.65238982224808,48,3.1294953466355184,1.4597970342819235,0.24036219870843167,False,2.143787987742366,5.081332971582457,0.4131222665309906,7.948215961456299,0.16666666666666666,0.3752366985224244,5.441044935181912,0.05751112642848437,0.04273178820195064,0.5717684514913347
home-office-portrait,clustered_low,48,0,True,79.65238982224808,48,2.499743994249016,1.6795576811082114,0.2846105056231452,False,1.488334710005093,4.099890700845923,0.2046237289905548,34.93484115600586,0.16666666666666666,0.4686855390902685,5.023274501472727,0.0999805007280365,0.05586674179612573,0.08321008424297203
home-office-portrait,clustered_low,48,1,True,79.65238982224808,48,3.5662922096948644,1.751949584083261,0.1432495945319962,False,2.0356134914470103,4.560268641897244,0.17855612933635712,25.5482234954834,0.19444444444444445,0.5177724217774411,5.195618312830576,0.12783356772452895,0.05044749601962454,0.09394905134774588
home-office-portrait,clustered_low,48,2,True,79.65238982224808,48,2.5733327331107265,1.6090975349067718,0.2889114450807857,False,1.5992397460604033,4.153188269403144,0.22375474870204926,35.385658264160156,0.16666666666666666,0.4770656548293469,5.0045859109874105,0.10734785208748723,0.05570240080751666,0.08427019008873211
mokhi_office,uniform,8,0,True,358.81987872799874,8,3.9236229245957026,3.3567934109492126,0.021771243388464895,False,1.1688604105923235,2.8748055886828183,0.7441655993461609,14.88753890991211,0.19444444444444445,0.5319226099474947,2.203444427152204,0.3775976583635155,1.4787845003007034,0.2718452059391707
mokhi_office,uniform,8,1,True,358.81987872799874,8,3.9236229245957026,3.3567934109492126,0.021771243388464895,False,1.1688604105923235,2.8748055886828183,0.7441655993461609,14.88753890991211,0.19444444444444445,0.5319226099474947,2.203444427152204,0.3775976583635155,1.4787845003007034,0.2718452059391707
mokhi_office,uniform,8,2,True,358.81987872799874,8,3.9236229245957026,3.3567934109492126,0.021771243388464895,False,1.1688604105923235,2.8748055886828183,0.7441655993461609,14.88753890991211,0.19444444444444445,0.5319226099474947,2.203444427152204,0.3775976583635155,1.4787845003007034,0.2718452059391707
mokhi_office,random,8,0,True,358.81987872799874,8,3.9878601238976024,3.104742081332909,0.05082491530264995,False,1.284441676451771,2.74052175848942,0.7378871440887451,14.010848045349121,0.2222222222222222,0.5802792108518123,2.890054304658749,0.36613686999485867,1.3902221609860241,0.1976767789223231
mokhi_office,random,8,1,True,358.81987872799874,8,3.877866806634729,3.298771267055421,0.03595010295880968,False,1.175548861287441,2.7961222290700802,0.7659289240837097,13.977571487426758,0.19444444444444445,0.5319226099474947,2.675954000315598,0.3438715253866225,1.0936940526302825,0.2844365265665209
mokhi_office,random,8,2,True,358.81987872799874,8,3.9792987723672457,3.856456072434417,0.0737949565936487,False,1.0318537791240245,2.6560321961214495,0.6392062902450562,16.614601135253906,0.1388888888888889,0.41695751130397124,2.153189908740452,0.40341829944419494,1.4600469642904106,0.2671582989964131
mokhi_office,sharpness,8,0,True,358.81987872799874,8,3.714902786980373,2.5299364412566163,0.16897845432923125,False,1.4683779111601654,3.144188954508259,0.9432516098022461,6.438495635986328,0.1388888888888889,0.3868528072345416,4.969781338585879,0.16993574005788675,0.1895607264658689,0.7705343347709597
mokhi_office,sharpness,8,1,True,358.81987872799874,8,3.714902786980373,2.5299364412566163,0.16897845432923125,False,1.4683779111601654,3.144188954508259,0.9432516098022461,6.438495635986328,0.1388888888888889,0.3868528072345416,4.969781338585879,0.16993574005788675,0.1895607264658689,0.7705343347709597
mokhi_office,sharpness,8,2,True,358.81987872799874,8,3.714902786980373,2.5299364412566163,0.16897845432923125,False,1.4683779111601654,3.144188954508259,0.9432516098022461,6.438495635986328,0.1388888888888889,0.3868528072345416,4.969781338585879,0.16993574005788675,0.1895607264658689,0.7705343347709597
mokhi_office,coverage,8,0,True,358.81987872799874,8,4.107405815536315,3.5324223963145527,0.026749706055623927,False,1.1627731213066856,2.732818370238473,0.5823617577552795,16.628332138061523,0.2222222222222222,0.5802792108518123,0.807251971754634,0.4308866517629057,1.124030006518857,0.21493657043078618
mokhi_office,coverage,8,1,True,358.81987872799874,8,4.170296805970641,3.4915823192501314,0.028535496507101493,False,1.1943859329847544,2.798571874141891,0.6215782761573792,15.237302780151367,0.2222222222222222,0.5802792108518123,0.8134915517432848,0.43086504321287833,1.123669834833373,0.24108017116810332
mokhi_office,coverage,8,2,True,358.81987872799874,8,4.102856766669086,3.49767481411569,0.021085897882238875,False,1.1730240759121007,2.7842073849398474,0.6638150215148926,16.60395050048828,0.2222222222222222,0.5802792108518123,0.7995775658648747,0.4309087217189101,1.2362344598722608,0.21940025090095513
mokhi_office,coverage_fps,8,0,True,358.81987872799874,8,4.151603999741992,3.4886290231204127,0.02578919222004488,False,1.1900388296456297,2.71982281206361,0.5879536867141724,16.19540786743164,0.2222222222222222,0.5802792108518123,0.8119900880305053,0.4308952797542001,1.2327347798962391,0.20098606946164838
mokhi_office,coverage_fps,8,1,True,358.81987872799874,8,4.0517803613978,3.45449826012453,0.00842813592103363,False,1.172899812446783,2.724241286511756,0.6365630626678467,16.533660888671875,0.2222222222222222,0.5802792108518123,0.8118427620763673,0.43086631450389345,1.2311379630805566,0.19941659119903027
mokhi_office,coverage_fps,8,2,True,358.81987872799874,8,4.00468978360173,3.4654868103062553,0.013258791845195312,False,1.1555922739892996,2.730671820884208,0.6072038412094116,16.408931732177734,0.2222222222222222,0.5802792108518123,0.8134915517432848,0.4308866144206041,1.4543550264006126,0.23707810409211977
mokhi_office,coverage_q25,8,0,True,358.81987872799874,8,4.018437758974077,3.435182596934534,0.007109142343976195,False,1.1697886926185597,2.556078578465165,0.48183536529541016,16.83618927001953,0.2222222222222222,0.5802792108518123,0.8383096879202361,0.4307818462681818,0.7888105493408268,0.2596848035299821
mokhi_office,coverage_q25,8,1,True,358.81987872799874,8,4.173501350699531,3.442116036025026,0.021670277660593887,False,1.2124813071435885,2.7948266687324894,0.6367113590240479,16.068222045898438,0.2222222222222222,0.5802792108518123,0.834818140214471,0.4307812622250942,1.0153424533796518,0.23465477508353103
mokhi_office,coverage_q25,8,2,True,358.81987872799874,8,4.043966230596892,3.4748740507392726,0.010452523022688722,False,1.1637734696417403,2.7689915266209058,0.6293030977249146,16.252674102783203,0.2222222222222222,0.5802792108518123,0.8243171426993297,0.4308818645318788,1.2330756035922514,0.24137088930759373
mokhi_office,coverage_q75,8,0,True,358.81987872799874,8,3.4517426421164217,2.8027198301299134,0.161492930958005,False,1.231568922804683,3.1219647623101787,0.8103190064430237,6.477237701416016,0.2222222222222222,0.5802792108518123,4.019451594760032,0.236532801312874,0.6584953176268816,0.4492843681546743
mokhi_office,coverage_q75,8,1,True,358.81987872799874,8,3.4183573465222565,2.70688478920677,0.1796921879096382,False,1.26283813783001,3.116117259312329,0.8066510558128357,7.320201873779297,0.2222222222222222,0.5802792108518123,4.019451594760032,0.24573330567790724,0.9364683780783192,0.48749734607242745
mokhi_office,coverage_q75,8,2,True,358.81987872799874,8,3.3792379531221464,2.6800646694635915,0.18846943418198797,False,1.260879258483898,3.1367425194615888,0.8247544765472412,6.784036636352539,0.2222222222222222,0.5802792108518123,4.019451594760032,0.23677972521814097,0.8705577996071197,0.40738380162117804
mokhi_office,spread_high,8,0,True,358.81987872799874,8,3.6271794577425798,3.4610246903377417,0.059311012041352904,False,1.0480073915302304,2.8453564739667963,0.7144650220870972,14.548552513122559,0.2222222222222222,0.5802792108518123,1.9918165219850446,0.412808243697902,1.298929505959359,0.2918764940653385
mokhi_office,spread_high,8,1,True,358.81987872799874,8,3.6507233970942954,3.4383288584349874,0.053066280063726046,False,1.061772607392762,2.7432994166465923,0.7107675075531006,16.065088272094727,0.2222222222222222,0.5802792108518123,1.7701735798310283,0.4178816045216789,1.0861171076642613,0.29145685071684246
mokhi_office,spread_high,8,2,True,358.81987872799874,8,3.5803704519923647,3.418165150640511,0.05881060839311929,False,1.0474539099790012,2.7880550550976197,0.6952194571495056,14.495265007019043,0.2222222222222222,0.5802792108518123,1.7701735798310283,0.4116944649466664,1.2207464184054502,0.288006789273865
mokhi_office,spread_low,8,0,True,358.81987872799874,8,4.093931345096872,3.3861122386831637,0.00943483861284767,False,1.2090359257225847,2.562850037704994,0.4913881719112396,16.85585594177246,0.2222222222222222,0.5802792108518123,1.0073863777040883,0.4293520748315632,0.7944071746456073,0.18078893750688724
mokhi_office,spread_low,8,1,True,358.81987872799874,8,4.0663304417077235,3.3502995686053083,0.011277267037958566,False,1.2137214474228317,2.5780119068083165,0.4541567265987396,17.040239334106445,0.2222222222222222,0.5802792108518123,0.8700814957218093,0.4296309468319258,0.7739337339098168,0.16814917309595168
mokhi_office,spread_low,8,2,True,358.81987872799874,8,4.092072380726807,3.41800117874607,0.008055436792822758,False,1.1972121034282464,2.5627244155227267,0.4731827676296234,16.88672637939453,0.2222222222222222,0.5802792108518123,1.0073863777040883,0.4295571635686632,0.7944071746456073,0.17973211450598603
mokhi_office,clustered_high,8,0,True,358.81987872799874,8,2.8654558122571703,2.0815322463849273,0.33990200897932354,False,1.3766088981968507,3.1349478385697527,0.9649208784103394,2.1002254486083984,0.1111111111111111,0.3868528072345416,5.74385532644977,0.07048082850431107,0.07704714010425942,0.3710581461076928
mokhi_office,clustered_high,8,1,True,358.81987872799874,8,2.8744984482159386,2.8133164552761913,0.2313565660643389,False,1.0217472843572235,2.9613004880466685,0.8615499138832092,7.214046478271484,0.1388888888888889,0.4352094081388593,3.896963201664393,0.17613806205522947,0.34088887221645614,0.2820915529452662
mokhi_office,clustered_high,8,2,True,358.81987872799874,8,2.9809053231727156,1.867106501153546,0.35709599183582696,False,1.5965373808784,3.108895784949829,0.9620309472084045,1.9815689325332642,0.1111111111111111,0.3686009103996535,5.765794602952372,0.06662318200685748,0.07391295774674488,0.39975116317934195
mokhi_office,clustered_low,8,0,True,358.81987872799874,8,2.158160820643371,0.6081844597339136,0.643700621039766,True,3.5485300324634848,2.4714804620062276,0.9615299701690674,2.2697930335998535,0.1388888888888889,0.4352094081388593,5.731050146593134,0.07262700209754355,0.07887645151235034,0.11423216344724582
mokhi_office,clustered_low,8,1,True,358.81987872799874,8,4.096554755353237,2.0123425339922663,0.2114301737124526,False,2.035714440337413,3.219525291472678,0.8242009282112122,4.998950004577637,0.1388888888888889,0.4352094081388593,4.826855896844467,0.15572100928121957,0.2080470586193027,0.19278596311999063
mokhi_office,clustered_low,8,2,True,358.81987872799874,8,2.1179149442540726,0.5917136443030009,0.6510979526826671,True,3.5792903622305934,2.4315513068460435,0.9575315713882446,2.2858378887176514,0.1111111111111111,0.3868528072345416,5.725639522619958,0.07194325207242491,0.0796493977942326,0.10502710488429334
mokhi_office,uniform,12,0,True,358.81987872799874,12,4.079455418810716,3.393141768770561,0.006611870361311853,False,1.2022649499519225,2.8450230491919637,0.7957714796066284,14.685965538024902,0.2777777777777778,0.6167830045215885,1.55085247969116,0.37026649999713496,1.1733871413073127,0.31562288790211296
mokhi_office,uniform,12,1,True,358.81987872799874,12,4.079455418810716,3.393141768770561,0.006611870361311853,False,1.2022649499519225,2.8450230491919637,0.7957714796066284,14.685965538024902,0.2777777777777778,0.6167830045215885,1.55085247969116,0.37026649999713496,1.1733871413073127,0.31562288790211296
mokhi_office,uniform,12,2,True,358.81987872799874,12,4.079455418810716,3.393141768770561,0.006611870361311853,False,1.2022649499519225,2.8450230491919637,0.7957714796066284,14.685965538024902,0.2777777777777778,0.6167830045215885,1.55085247969116,0.37026649999713496,1.1733871413073127,0.31562288790211296
mokhi_office,random,12,0,True,358.81987872799874,12,3.4772221968008674,3.4578360144388256,0.077396293431465,False,1.0056064493171715,2.907584085303199,0.867033064365387,12.314122200012207,0.2222222222222222,0.5644754678724236,2.873842468636945,0.3216756281949513,1.0213862088043324,0.30798409580057823
mokhi_office,random,12,1,True,358.81987872799874,12,4.001158820740775,3.4857634770075885,0.016672293123800863,False,1.1478572333242862,2.8908581431982814,0.833844780921936,14.389374732971191,0.3055555555555556,0.661188669681059,1.8146383494587224,0.3739432535538644,0.9354183667205601,0.31556615622478773
mokhi_office,random,12,2,True,358.81987872799874,12,4.1231345062489355,3.485764700470181,0.021846333907748143,False,1.1828493488653387,2.916207161916836,0.7377815246582031,14.301823616027832,0.2222222222222222,0.5523075366491649,1.6690420688975456,0.3707466300541545,0.8110907097539989,0.32436390240269436
mokhi_office,sharpness,12,0,True,358.81987872799874,12,3.836288402970096,2.4713226861592843,0.1625646410738329,False,1.5523219304606972,3.1469661036642154,0.9618535041809082,7.172447204589844,0.1388888888888889,0.42335660090431776,4.969781338585879,0.17264021439092386,0.13320531992882828,0.7068212475875087
mokhi_office,sharpness,12,1,True,358.81987872799874,12,3.836288402970096,2.4713226861592843,0.1625646410738329,False,1.5523219304606972,3.1469661036642154,0.9618535041809082,7.172447204589844,0.1388888888888889,0.42335660090431776,4.969781338585879,0.17264021439092386,0.13320531992882828,0.7068212475875087
mokhi_office,sharpness,12,2,True,358.81987872799874,12,3.836288402970096,2.4713226861592843,0.1625646410738329,False,1.5523219304606972,3.1469661036642154,0.9618535041809082,7.172447204589844,0.1388888888888889,0.42335660090431776,4.969781338585879,0.17264021439092386,0.13320531992882828,0.7068212475875087
mokhi_office,coverage,12,0,True,358.81987872799874,12,4.058389285264686,3.47791119327392,0.012682863309292223,False,1.1669042306524033,2.711763116598239,0.7722291946411133,16.267292022705078,0.3333333333333333,0.6934264036172709,0.807251971754634,0.4117403140253512,0.7866515655191404,0.23109871280406058
mokhi_office,coverage,12,1,True,358.81987872799874,12,4.176988368782887,3.444503677456932,0.02245221524429242,False,1.2126531889397623,2.760826212577432,0.7927809953689575,15.698809623718262,0.3333333333333333,0.6934264036172709,0.7990445128761774,0.4114309807465425,0.7150626221666919,0.2397895167185926
mokhi_office,coverage,12,2,True,358.81987872799874,12,4.078497501627503,3.4747552556010466,0.014707446879744644,False,1.1737510131262536,2.6777713838285804,0.8081174492835999,16.682432174682617,0.3333333333333333,0.6934264036172709,0.7995775658648747,0.4064230433039093,0.8581070421846917,0.19736288006200675
mokhi_office,coverage_fps,12,0,True,358.81987872799874,12,3.992015844221473,3.4491829083176677,0.012433439258023905,False,1.1573801535995,2.681114364404947,0.7783514857292175,16.167795181274414,0.3333333333333333,0.6934264036172709,0.807251971754634,0.40640256562028004,0.8212486963333689,0.19370307323390024
mokhi_office,coverage_fps,12,1,True,358.81987872799874,12,4.215689389549247,3.2727770806770042,0.04113700135260262,False,1.28810770963881,2.6513144064040084,0.8157244920730591,16.976564407348633,0.3333333333333333,0.6934264036172709,0.8118427620763673,0.4114152928185397,0.8187661106470917,0.1826802375791097
mokhi_office,coverage_fps,12,2,True,358.81987872799874,12,3.8770728164096884,3.4921825724282143,0.03296709743866351,False,1.1102148115107993,2.709952780257309,0.7769239544868469,16.422990798950195,0.3333333333333333,0.6934264036172709,0.7906322744768026,0.4072082356856432,0.9254986531640262,0.21405787761601816
mokhi_office,coverage_q25,12,0,True,358.81987872799874,12,4.07021504645784,3.4931165566997926,0.016378161739730716,False,1.1652102013748078,2.6373193613109853,0.736787736415863,16.93276596069336,0.3333333333333333,0.6934264036172709,0.7901216437368541,0.4097109510203099,0.5019703495805262,0.24215389873772222
mokhi_office,coverage_q25,12,1,True,358.81987872799874,12,4.083967442420779,3.4218985141366955,0.007624790321763017,False,1.1934800011014106,2.750469248994981,0.7928335666656494,16.519758224487305,0.3333333333333333,0.6934264036172709,0.7718297016955296,0.4113920682651796,0.7224089954637574,0.23106830082714228
mokhi_office,coverage_q25,12,2,True,358.81987872799874,12,4.102658069251761,3.4948515222778247,0.02064685210844138,False,1.1739148410453182,2.8054641656695587,0.7483314871788025,15.901638984680176,0.3333333333333333,0.6934264036172709,0.8243171426993297,0.4114368833970452,0.8251742225984336,0.24127174877180524
mokhi_office,coverage_q75,12,0,True,358.81987872799874,12,3.454219075993903,2.7563170885494896,0.1679985039798187,False,1.2532009072336752,3.1017914819184185,0.8497677445411682,7.819386005401611,0.3055555555555556,0.661188669681059,4.019451594760032,0.23953876319972767,0.6079347456281413,0.4281859499949892
mokhi_office,coverage_q75,12,1,True,358.81987872799874,12,3.3347696517506638,2.7380208697182384,0.18546322339050753,False,1.2179489530676348,3.100884892726916,0.8552709221839905,6.773106098175049,0.3055555555555556,0.661188669681059,4.019451594760032,0.23254696202649736,0.5959344224134758,0.45571210096221604
mokhi_office,coverage_q75,12,2,True,358.81987872799874,12,3.3786466399820054,2.754750156405686,0.17757869053374128,False,1.2264802425459738,3.1072691451108136,0.8557757139205933,7.120853900909424,0.3055555555555556,0.661188669681059,4.019451594760032,0.23623141836439,0.6031505787405348,0.43930452645995194
mokhi_office,spread_high,12,0,True,358.81987872799874,12,3.3959246564830416,3.2303663114072267,0.1056200539129086,False,1.0512506412945142,2.8713141806557254,0.7646656632423401,12.895415306091309,0.3333333333333333,0.6934264036172709,1.9918165219850446,0.37415173969003696,0.8265915037923194,0.33437112750595893
mokhi_office,spread_high,12,1,True,358.81987872799874,12,3.711099722002035,3.4464644446663826,0.046790563575592824,False,1.0767845662081883,2.8107920676257327,0.8025199174880981,15.227763175964355,0.3333333333333333,0.6934264036172709,1.7701735798310283,0.3951777399680581,0.7297744061776092,0.27716822720017914
mokhi_office,spread_high,12,2,True,358.81987872799874,12,3.664037093091816,3.5282150485120214,0.06461443196996378,False,1.038495965442094,2.834867171650218,0.8251988291740417,15.059489250183105,0.3333333333333333,0.6934264036172709,1.7701735798310283,0.39942390545586015,0.8071850062301028,0.2805725232460334
mokhi_office,spread_low,12,0,True,358.81987872799874,12,4.110323134913258,3.3340722610956113,0.019102424389855426,False,1.2328236501876424,2.574236863421209,0.7728047370910645,16.170454025268555,0.3333333333333333,0.6934264036172709,1.0073863777040883,0.4018469732441625,0.5741739231028907,0.1677903719869841
mokhi_office,spread_low,12,1,True,358.81987872799874,12,4.045995518591098,3.305388186924654,0.015354374885914129,False,1.224060621562125,2.5259421986697435,0.6790714859962463,17.23845672607422,0.3333333333333333,0.6934264036172709,0.8291664284063973,0.4114486428732728,0.5346950346803709,0.1665928080924069
mokhi_office,spread_low,12,2,True,358.81987872799874,12,4.037584478932553,3.3589550912434403,0.007354074015022873,False,1.2020358621221974,2.564168671618397,0.759757936000824,16.23535919189453,0.3333333333333333,0.6934264036172709,1.0073863777040883,0.4039505618386663,0.5741739231028907,0.16759090943771174
mokhi_office,clustered_high,12,0,True,358.81987872799874,12,3.130806426941821,1.919896402701123,0.33079994777690347,False,1.630716335807003,3.115163308628178,0.9737492203712463,2.454983949661255,0.1388888888888889,0.4434264036172708,5.640849493639498,0.08018499475397699,0.058427994162368595,0.5254740194180906
mokhi_office,clustered_high,12,1,True,358.81987872799874,12,4.272397804208796,2.68495526775932,0.13444604482734968,False,1.5912361205832106,2.931332702197792,0.9308125972747803,12.06125545501709,0.19444444444444445,0.5200698027129531,3.5637912404171823,0.26543568806051565,0.2472176424329458,0.29290883696982634
mokhi_office,clustered_high,12,2,True,358.81987872799874,12,3.1570705542831314,1.7229109891474619,0.3564680866888486,False,1.8324049089995802,3.09968447921627,0.9734435081481934,2.086867094039917,0.1388888888888889,0.42335660090431776,5.718199246906096,0.06864439767385286,0.05274170639757678,0.5708129962749623
mokhi_office,clustered_low,12,0,True,358.81987872799874,12,2.3858395000075645,0.6032240224328353,0.6162593949161568,True,3.955146697217634,2.462258241527054,0.970932126045227,3.557652235031128,0.16666666666666666,0.4677622660637881,5.53869637009452,0.09142768895337534,0.06768081246227874,0.10876936908994306
mokhi_office,clustered_low,12,1,True,358.81987872799874,12,4.546070174534432,2.1310924175973245,0.24961362865211748,False,2.133211181737414,3.17928308749422,0.8927260637283325,7.2571120262146,0.2222222222222222,0.5523075366491649,4.400431764115701,0.2137275001766763,0.17115941300580773,0.18558049664000886
mokhi_office,clustered_low,12,2,True,358.81987872799874,12,2.3178807614388113,0.6069676783102083,0.624117981224249,True,3.8187877942558117,2.477165853813702,0.9703638553619385,3.6901161670684814,0.1388888888888889,0.43552453212757636,5.565030578367899,0.0856939585300399,0.06528679352833523,0.10012801098278451
mokhi_office,uniform,16,0,True,358.81987872799874,16,4.081318083707294,3.403097184915491,0.005380862619526284,False,1.1992951896284576,2.8393375979958115,0.8449022769927979,14.252643585205078,0.4166666666666667,0.7495273140169244,1.1573791674354448,0.36234409727131184,0.8172208511179613,0.2661165868436757
mokhi_office,uniform,16,1,True,358.81987872799874,16,4.081318083707294,3.403097184915491,0.005380862619526284,False,1.1992951896284576,2.8393375979958115,0.8449022769927979,14.252643585205078,0.4166666666666667,0.7495273140169244,1.1573791674354448,0.36234409727131184,0.8172208511179613,0.2661165868436757
mokhi_office,uniform,16,2,True,358.81987872799874,16,4.081318083707294,3.403097184915491,0.005380862619526284,False,1.1992951896284576,2.8393375979958115,0.8449022769927979,14.252643585205078,0.4166666666666667,0.7495273140169244,1.1573791674354448,0.36234409727131184,0.8172208511179613,0.2661165868436757
mokhi_office,random,16,0,True,358.81987872799874,16,4.010112720637063,2.8816570295189483,0.08082083148047398,False,1.3915995830032883,2.7819571864416694,0.8810579776763916,12.75405216217041,0.3611111111111111,0.6920447646951626,2.8547547387216996,0.31456700737458154,0.8092085620752293,0.21570813432809752
mokhi_office,random,16,1,True,358.81987872799874,16,3.5837004109944353,3.5153495608121457,0.07266537878501544,False,1.0194435429535202,2.874358075565673,0.8623316287994385,13.695764541625977,0.3888888888888889,0.7253490135647654,1.5812984394135805,0.35599867710858424,0.6709240015016207,0.3072214758978542
mokhi_office,random,16,2,True,358.81987872799874,16,4.126640223298491,3.2475887815885756,0.03381710801271895,False,1.2706781864420416,2.797674552159428,0.8519762754440308,14.730201721191406,0.3333333333333333,0.6678664642430038,1.366496478112218,0.3679943680443602,0.7820711711275238,0.243432872442937
mokhi_office,sharpness,16,0,True,358.81987872799874,16,3.752939466778007,2.426046309066972,0.17952356083386511,False,1.5469364507808352,3.1328373722426908,0.967933714389801,6.407980442047119,0.16666666666666666,0.46410682353773264,4.969781338585879,0.15651019843030406,0.10364954902400052,0.6608418399518814
mokhi_office,sharpness,16,1,True,358.81987872799874,16,3.752939466778007,2.426046309066972,0.17952356083386511,False,1.5469364507808352,3.1328373722426908,0.967933714389801,6.407980442047119,0.16666666666666666,0.46410682353773264,4.969781338585879,0.15651019843030406,0.10364954902400052,0.6608418399518814
mokhi_office,sharpness,16,2,True,358.81987872799874,16,3.752939466778007,2.426046309066972,0.17952356083386511,False,1.5469364507808352,3.1328373722426908,0.967933714389801,6.407980442047119,0.16666666666666666,0.46410682353773264,4.969781338585879,0.15651019843030406,0.10364954902400052,0.6608418399518814
mokhi_office,coverage,16,0,True,358.81987872799874,16,4.066852599199303,3.4833697134180635,0.014531298484997922,False,1.167505299117014,2.75906172050834,0.8211901187896729,16.26247787475586,0.4444444444444444,0.7737056144690831,0.43681319123982076,0.40609626615634903,0.5768778147140363,0.2565259919513301
mokhi_office,coverage,16,1,True,358.81987872799874,16,4.150762731432092,3.480671120865428,0.024516878803684042,False,1.1925179332657128,2.788022908455928,0.8357282280921936,15.419793128967285,0.4444444444444444,0.7737056144690831,0.42568222395806377,0.40606033912175643,0.5492821840636559,0.23225191537435935
mokhi_office,coverage,16,2,True,358.81987872799874,16,4.1075300348581685,3.4684469639479154,0.017373418106909476,False,1.1842562615352275,2.7588169670013176,0.8410653471946716,16.590503692626953,0.4444444444444444,0.7737056144690831,0.43706004862118775,0.40611393342421137,0.6292784976021071,0.22909152097522853
mokhi_office,coverage_fps,16,0,True,358.81987872799874,16,4.083301719300938,3.4747700081096093,0.015304011833360975,False,1.1751286300305068,2.7606132320462153,0.8118152618408203,15.882848739624023,0.4444444444444444,0.7737056144690831,0.43681319123982076,0.40609858796325954,0.6545795223163735,0.2489942025327584
mokhi_office,coverage_fps,16,1,True,358.81987872799874,16,4.12220923558465,3.43771637743321,0.014678313815001676,False,1.1991126617206624,2.697974394501939,0.856843888759613,16.69207000732422,0.4444444444444444,0.7737056144690831,0.4382988449551397,0.40608877591542863,0.6004284811412007,0.20080702980741472
mokhi_office,coverage_fps,16,2,True,358.81987872799874,16,4.080644034665134,3.470863825569647,0.014401759747726613,False,1.1756854315641174,2.7469977477499525,0.8175787925720215,16.253271102905273,0.4444444444444444,0.7737056144690831,0.42568222395806377,0.4060890246379915,0.6786990123202857,0.22144674511160703
mokhi_office,coverage_q25,16,0,True,358.81987872799874,16,4.099731614285264,3.450754015739892,0.01381122033486874,False,1.1880683455225138,2.6385918721143584,0.844678521156311,17.134132385253906,0.4444444444444444,0.7737056144690831,0.45200992461506573,0.40598004339810223,0.44040881385315456,0.2579962627469013
mokhi_office,coverage_q25,16,1,True,358.81987872799874,16,4.086081402762199,3.459154415410716,0.01335554219315175,False,1.1812370631847164,2.7221927998193047,0.8482834100723267,16.831127166748047,0.4444444444444444,0.7737056144690831,0.438939183605517,0.4059094720349187,0.5297665966734221,0.227435107867699
mokhi_office,coverage_q25,16,2,True,358.81987872799874,16,4.102074372927024,3.484997613434485,0.01912807100113808,False,1.1770666232635973,2.772066997169868,0.7937049269676208,16.093839645385742,0.4444444444444444,0.7737056144690831,0.6038285282803901,0.40583024522890265,0.6051277632388513,0.22952896937898512
mokhi_office,coverage_q75,16,0,True,358.81987872799874,16,3.4472870279419165,2.7469989320671546,0.1702240825426291,False,1.2549284194107004,3.1244981792038637,0.8984505534172058,7.398675441741943,0.3055555555555556,0.6528141122082889,4.019451594760032,0.22365493076836973,0.4609805023166026,0.4309125370764021
mokhi_office,coverage_q75,16,1,True,358.81987872799874,16,3.4239577382256687,2.72988967337562,0.17562214262072096,False,1.254247661222076,3.112566103356822,0.8985757827758789,7.28205680847168,0.3055555555555556,0.6528141122082889,4.019451594760032,0.2216677255716027,0.4559120661541203,0.44383157558603625
mokhi_office,coverage_q75,16,2,True,358.81987872799874,16,3.433155164613973,2.711752653771814,0.1771467284085265,False,1.2660281386057648,3.1059256050864974,0.89802485704422,6.988500595092773,0.3055555555555556,0.6528141122082889,4.019451594760032,0.22128927791090103,0.4696062957680765,0.4366597996368988
mokhi_office,spread_high,16,0,True,358.81987872799874,16,3.564692957403903,3.3482642056750858,0.06743175804244735,False,1.0646390901177945,2.81239986063365,0.8147205710411072,13.478839874267578,0.4444444444444444,0.7737056144690831,1.7701735798310283,0.3781713917893342,0.6262266754454291,0.314248223250604
mokhi_office,spread_high,16,1,True,358.81987872799874,16,3.5790461414626247,3.5633374161441402,0.08028589055582275,False,1.0044084304919636,2.8228494767455388,0.8332654237747192,15.051994323730469,0.4444444444444444,0.7737056144690831,1.7701735798310283,0.3858962204719842,0.5351678978635801,0.27664694810172374
mokhi_office,spread_high,16,2,True,358.81987872799874,16,3.598877941796664,3.3927434124037923,0.056672647411606075,False,1.0607574768664345,2.8218876012488106,0.835738480091095,14.207301139831543,0.4444444444444444,0.7737056144690831,1.7701735798310283,0.37556000400117656,0.5919356712354087,0.28291268922175367
mokhi_office,spread_low,16,0,True,358.81987872799874,16,4.038720607119939,3.479887212775393,0.01116233970959183,False,1.1605895134454218,2.5955025580914506,0.8126598596572876,16.502429962158203,0.4444444444444444,0.7737056144690831,0.8238187248928024,0.4036505170205063,0.4210608769421198,0.1754094053638019
mokhi_office,spread_low,16,1,True,358.81987872799874,16,4.015670204135321,3.333702795822247,0.01377246799418978,False,1.204567548483238,2.4692389692235572,0.7912494540214539,17.573406219482422,0.4444444444444444,0.7737056144690831,0.8291664284063973,0.4019364582537175,0.40654338300178083,0.16191489535151926
mokhi_office,spread_low,16,2,True,358.81987872799874,16,4.038746799182273,3.4605460693958072,0.008319800081230209,False,1.167083667777154,2.5873157429444023,0.8220041394233704,16.408004760742188,0.4444444444444444,0.7737056144690831,0.8919828021280334,0.4041096336322608,0.4210608769421198,0.1693836307640085
mokhi_office,clustered_high,16,0,True,358.81987872799874,16,3.148188403237091,1.9904316845536252,0.3182947226970862,False,1.5816611178710736,3.1202329390603047,0.9744119048118591,2.6209681034088135,0.16666666666666666,0.46410682353773264,5.546372783174393,0.08379199148358349,0.05441172356599123,0.5333679399306889
mokhi_office,clustered_high,16,1,True,358.81987872799874,16,4.118239669449476,3.0550536284585066,0.061042105389050985,False,1.3480089616388906,2.8949589554635224,0.9155234694480896,14.06052017211914,0.2222222222222222,0.5529013655994802,3.008673448202509,0.3031064728946287,0.21830079059847182,0.29541924778149126
mokhi_office,clustered_high,16,2,True,358.81987872799874,16,3.138520564730259,1.7965673840106837,0.34795034244455186,False,1.746953992743528,3.1086770219256747,0.9776723384857178,2.1393918991088867,0.1388888888888889,0.4169575113039712,5.640849493639498,0.07065441224370904,0.051645187030453246,0.5490387823367711
mokhi_office,clustered_low,16,0,True,358.81987872799874,16,2.663391966398919,0.6622245927847984,0.5732580217223002,True,4.021886223220398,2.457615094990744,0.9693098664283752,4.928652763366699,0.19444444444444445,0.5227966615300507,5.293761372807991,0.11071947209154914,0.06596159562477304,0.10694436785627012
mokhi_office,clustered_low,16,1,True,358.81987872799874,16,4.693791655869923,2.234047981856168,0.2527764112486977,False,2.1010254452861243,3.1294910926616275,0.8964252471923828,9.29930591583252,0.2777777777777778,0.610383914921242,4.044477524520045,0.252332955541774,0.14924718551063615,0.17723489908239082
mokhi_office,clustered_low,16,2,True,358.81987872799874,16,2.5475999074481317,0.6813704411508272,0.5847737029645934,True,3.7389351718064896,2.4633431835679853,0.9688733816146851,5.0292768478393555,0.19444444444444445,0.5227966615300507,5.284923183689228,0.10791779264224184,0.06655080823269052,0.09935051863577059
mokhi_office,uniform,24,0,True,358.81987872799874,24,4.058106483391944,3.397205654023753,0.003373902321336905,False,1.1945424848170143,2.830333172464883,0.8820528388023376,14.713038444519043,0.5833333333333334,0.8384962063302241,0.8564327829690326,0.35833620099806907,0.5583727207642305,0.262631638586122
mokhi_office,uniform,24,1,True,358.81987872799874,24,4.058106483391944,3.397205654023753,0.003373902321336905,False,1.1945424848170143,2.830333172464883,0.8820528388023376,14.713038444519043,0.5833333333333334,0.8384962063302241,0.8564327829690326,0.35833620099806907,0.5583727207642305,0.262631638586122
mokhi_office,uniform,24,2,True,358.81987872799874,24,4.058106483391944,3.397205654023753,0.003373902321336905,False,1.1945424848170143,2.830333172464883,0.8820528388023376,14.713038444519043,0.5833333333333334,0.8384962063302241,0.8564327829690326,0.35833620099806907,0.5583727207642305,0.262631638586122
mokhi_office,random,24,0,True,358.81987872799874,24,4.063942564932816,3.0676295088387224,0.052478073364369174,False,1.3247827200851436,2.888785439647065,0.9236986637115479,13.469990730285645,0.3888888888888889,0.7134962063302239,2.6628050058941897,0.3210466834441163,0.494234714688826,0.2562576133028897
mokhi_office,random,24,1,True,358.81987872799874,24,3.7734587240974995,3.689421218163376,0.07474152458025587,False,1.0227779646087571,2.901720670111915,0.8880367279052734,14.317671775817871,0.5,0.7740207384578004,1.436555896465098,0.3525761221435602,0.4691893728287977,0.2739012812764025
mokhi_office,random,24,2,True,358.81987872799874,24,4.163633749985407,3.069643386888734,0.0645166727990408,False,1.3563900509646813,2.8004863011295864,0.8843291997909546,13.5272216796875,0.3611111111111111,0.6912933737504887,1.3926673120097526,0.34427205745955264,0.49808654626927285,0.2096476531247988
mokhi_office,sharpness,24,0,True,358.81987872799874,24,3.7829860251251,2.412568670439099,0.17778459713568662,False,1.568032475708382,3.1458353286697567,0.9688478708267212,6.598924160003662,0.16666666666666666,0.48455694102300756,4.941792832123836,0.15673300559274034,0.07818141511017042,0.6012490977387215
mokhi_office,sharpness,24,1,True,358.81987872799874,24,3.7829860251251,2.412568670439099,0.17778459713568662,False,1.568032475708382,3.1458353286697567,0.9688478708267212,6.598924160003662,0.16666666666666666,0.48455694102300756,4.941792832123836,0.15673300559274034,0.07818141511017042,0.6012490977387215
mokhi_office,sharpness,24,2,True,358.81987872799874,24,3.7829860251251,2.412568670439099,0.17778459713568662,False,1.568032475708382,3.1458353286697567,0.9688478708267212,6.598924160003662,0.16666666666666666,0.48455694102300756,4.941792832123836,0.15673300559274034,0.07818141511017042,0.6012490977387215
mokhi_office,coverage,24,0,True,358.81987872799874,24,4.09616618092573,3.4373513327429666,0.01140256183717819,False,1.1916635177519188,2.678704542646104,0.8565405011177063,16.46291732788086,0.6666666666666666,0.8868528072345415,0.40296832058582854,0.3922376094979026,0.514598920756907,0.22649599401264467
mokhi_office,coverage,24,1,True,358.81987872799874,24,4.076128920442523,3.4583782504221885,0.012010234833314575,False,1.1786243797782736,2.722583980106694,0.8484060764312744,15.85959529876709,0.6666666666666666,0.8868528072345415,0.40702621543378426,0.3960944120363032,0.4500195230485237,0.23252266628128013
mokhi_office,coverage,24,2,True,358.81987872799874,24,4.0628830263334965,3.4435792673776566,0.008198888257872673,False,1.1798430385566383,2.7727271345580773,0.8630847334861755,16.03826332092285,0.6666666666666666,0.8868528072345415,0.4011973353450218,0.3940664866313186,0.5041682882863896,0.2397890859494288
mokhi_office,coverage_fps,24,0,True,358.81987872799874,24,4.1012042476947315,3.4367728720822788,0.011940975363932543,False,1.1933300221873218,2.679265158048941,0.8580097556114197,16.65056037902832,0.6666666666666666,0.8868528072345415,0.40296832058582854,0.3943903172738823,0.5185675030803111,0.22702013230665805
mokhi_office,coverage_fps,24,1,True,358.81987872799874,24,4.107240835633196,3.435254274745203,0.01246491739365087,False,1.1956147950468194,2.7012171653974977,0.8637682199478149,16.491289138793945,0.6666666666666666,0.8868528072345415,0.40702621543378426,0.3939687767091273,0.4446410908200769,0.2155678774302404
mokhi_office,coverage_fps,24,2,True,358.81987872799874,24,4.083013486117112,3.452240687375479,0.011961023709451258,False,1.1827140271674308,2.7055067897032714,0.8503568172454834,16.493507385253906,0.6666666666666666,0.8868528072345415,0.40702621543378426,0.39590965651413795,0.46765841606168124,0.23867569534465136
mokhi_office,coverage_q25,24,0,True,358.81987872799874,24,4.110282552800688,3.4561932379263958,0.015915112789693917,False,1.1892513727810903,2.7067984858949368,0.8631619215011597,16.92386817932129,0.6666666666666666,0.8868528072345415,0.40349123401580866,0.39648284893950864,0.43340650680023374,0.2531655637328167
mokhi_office,coverage_q25,24,1,True,358.81987872799874,24,4.091329244718713,3.454051393091539,0.013255699904526994,False,1.184501554580744,2.6760197835538815,0.8758688569068909,16.832767486572266,0.6666666666666666,0.8868528072345415,0.40549242965958454,0.3958281284263759,0.3997590716074273,0.23536563673355607
mokhi_office,coverage_q25,24,2,True,358.81987872799874,24,4.086225893881121,3.4633064343073356,0.013982939771544585,False,1.179862646112737,2.7483174938479245,0.8511093854904175,16.029024124145508,0.6666666666666666,0.8868528072345415,0.40702621543378426,0.3952133146076272,0.4810231892903803,0.2511120159698508
mokhi_office,coverage_q75,24,0,True,358.81987872799874,24,3.479692507200368,2.6583504234872004,0.17922842087067464,False,1.308966822604124,3.1346147530395827,0.9254443049430847,7.259944915771484,0.3055555555555556,0.6408037429793889,4.019451594760032,0.20308059653749877,0.3207291930820859,0.4438847131739583
mokhi_office,coverage_q75,24,1,True,358.81987872799874,24,3.4653305536549093,2.613849134624966,0.18753817925582061,False,1.3257576758163259,3.1208198669274108,0.9226831197738647,6.873884201049805,0.3055555555555556,0.6468877085910182,4.019451594760032,0.1972216290556507,0.3196580048515803,0.4527050176282814
mokhi_office,coverage_q75,24,2,True,358.81987872799874,24,3.4449180063508784,2.654561518941424,0.1840870923964302,False,1.2977352311370165,3.1441739563286886,0.9315919876098633,6.746881008148193,0.3055555555555556,0.6468877085910182,4.019451594760032,0.20220323251309655,0.3207291930820859,0.4535853058049775
mokhi_office,spread_high,24,0,True,358.81987872799874,24,3.416486627404643,3.2882689815593915,0.09457586561887585,False,1.0389924445245495,2.8398377399608505,0.8295268416404724,13.35218334197998,0.6666666666666666,0.8868528072345415,1.7701735798310283,0.3657707241833619,0.41736573031747737,0.335074506734873
mokhi_office,spread_high,24,1,True,358.81987872799874,24,3.4279056156705767,3.362082538861627,0.08232715396718036,False,1.0195780668820928,2.8590902187031895,0.8380234241485596,13.647697448730469,0.6666666666666666,0.8868528072345415,1.7701735798310283,0.3644446244262604,0.44371785439646694,0.3263864128666778
mokhi_office,spread_high,24,2,True,358.81987872799874,24,3.4765310075485396,3.2986678605896316,0.08562034093801879,False,1.0539196895461658,2.839110505119238,0.845195472240448,13.792648315429688,0.6666666666666666,0.8868528072345415,1.7701735798310283,0.3615661267294865,0.41251789482334206,0.3245581684439051
mokhi_office,spread_low,24,0,True,358.81987872799874,24,4.100201377554704,3.30256610097116,0.02247525090816174,False,1.2415198521988673,2.5639880318765487,0.8670894503593445,16.210742950439453,0.6666666666666666,0.8868528072345415,0.8238187248928024,0.38910614498347906,0.2746049197448608,0.16451894670749598
mokhi_office,spread_low,24,1,True,358.81987872799874,24,4.072323880790978,3.3346931604658625,0.014309838285986618,False,1.2211989783857855,2.561756151262704,0.8323813080787659,17.437593460083008,0.6666666666666666,0.8868528072345415,0.8291664284063973,0.38795908430135645,0.33419918354169537,0.16635915867561807
mokhi_office,spread_low,24,2,True,358.81987872799874,24,4.088120814261951,3.3134688674436528,0.01938005272356617,False,1.2337888110039628,2.5634571469618295,0.8690692186355591,16.144929885864258,0.6666666666666666,0.8868528072345415,0.7315439199835927,0.38869149557761506,0.2746049197448608,0.16000386675626982
mokhi_office,clustered_high,24,0,True,358.81987872799874,24,3.0449222528143753,2.0315827905359907,0.32503024894229315,False,1.4987930922623323,3.1092851872721057,0.9789310693740845,2.5914735794067383,0.16666666666666666,0.4737171805528268,5.467837977664274,0.08285451687896772,0.05684575026184322,0.5012387949311904
mokhi_office,clustered_high,24,1,True,358.81987872799874,24,3.9777853457136083,3.1223881299256275,0.0494809544294293,False,1.2739560811129382,2.878440734300871,0.9193889498710632,14.794041633605957,0.3055555555555556,0.6360479481208374,2.411481291243299,0.3370982754345111,0.1683349572146212,0.33066530299918956
mokhi_office,clustered_high,24,2,True,358.81987872799874,24,3.0391440726712773,1.9683658073211487,0.3350254670308352,False,1.5439935307591053,3.1028719156370785,0.9789060950279236,2.4636306762695312,0.16666666666666666,0.4676332149411974,5.546372783174393,0.07698979029948136,0.055802629331067014,0.5013024777779495
mokhi_office,clustered_low,24,0,True,358.81987872799874,24,2.6020495063807028,1.0082610932283673,0.5300490834474778,True,2.5807298564394254,2.5253909963653163,0.9511324167251587,7.347354888916016,0.2222222222222222,0.5654885146367844,4.991763081209044,0.14265418111461753,0.06413351073658037,0.1112991119712863
mokhi_office,clustered_low,24,1,True,358.81987872799874,24,4.76166304391146,2.464236720822703,0.22738182738837945,False,1.9323074782855052,2.959767265519665,0.8966318964958191,12.796355247497559,0.3611111111111111,0.6751745067823827,3.3151203616575478,0.3073098140287092,0.12904630197921907,0.1769659692915727
mokhi_office,clustered_low,24,2,True,358.81987872799874,24,2.5886225646609913,1.066417067123263,0.5231729700113542,True,2.4274016653202932,2.535119045139577,0.9563220143318176,7.418266296386719,0.2222222222222222,0.5562584723940122,4.974088539145435,0.1421763094985442,0.05691725078409353,0.11042999399462251
mokhi_office,uniform,32,0,True,358.81987872799874,32,4.044192139312917,3.4093317150706204,0.0008587935813734784,False,1.1862125710548956,2.8257185929056066,0.8918687105178833,14.600252151489258,0.5833333333333334,0.820462442973314,0.615806192257951,0.35433876834297784,0.41406767897855407,0.249321495588374
mokhi_office,uniform,32,1,True,358.81987872799874,32,4.044192139312917,3.4093317150706204,0.0008587935813734784,False,1.1862125710548956,2.8257185929056066,0.8918687105178833,14.600252151489258,0.5833333333333334,0.820462442973314,0.615806192257951,0.35433876834297784,0.41406767897855407,0.249321495588374
mokhi_office,uniform,32,2,True,358.81987872799874,32,4.044192139312917,3.4093317150706204,0.0008587935813734784,False,1.1862125710548956,2.8257185929056066,0.8918687105178833,14.600252151489258,0.5833333333333334,0.820462442973314,0.615806192257951,0.35433876834297784,0.41406767897855407,0.249321495588374
mokhi_office,random,32,0,True,358.81987872799874,32,4.0535396408998885,3.391015080685892,0.003717654473796147,False,1.1953764711892667,2.9041940036190574,0.912692666053772,13.80741024017334,0.4444444444444444,0.7374381637908449,1.3731637786128896,0.3303412772482693,0.39236457526467056,0.27451523155780133
mokhi_office,random,32,1,True,358.81987872799874,32,4.039444488911949,3.4624283092351495,0.008509793466432275,False,1.1666507225977083,2.830286914812854,0.8790186643600464,15.085311889648438,0.5555555555555556,0.8174992411646788,0.8525048199277117,0.36996058414488847,0.4055686433621194,0.300235415523122
mokhi_office,random,32,2,True,358.81987872799874,32,4.046768975857141,3.194382273335896,0.03174584867713376,False,1.2668392914762505,2.8575400349454094,0.885574221611023,12.667585372924805,0.5277777777777778,0.7790283737510758,1.1888749415921875,0.32601170546704633,0.3910271823581657,0.2584702652779391
mokhi_office,sharpness,32,0,True,358.81987872799874,32,3.702565375010062,2.4984051712620126,0.17513371575459685,False,1.4819715463284104,3.1312620365271906,0.9510254263877869,6.738922119140625,0.25,0.5629266537397897,4.205370328658203,0.1692635014116421,0.206988789747395,0.5509004030340494
mokhi_office,sharpness,32,1,True,358.81987872799874,32,3.702565375010062,2.4984051712620126,0.17513371575459685,False,1.4819715463284104,3.1312620365271906,0.9510254263877869,6.738922119140625,0.25,0.5629266537397897,4.205370328658203,0.1692635014116421,0.206988789747395,0.5509004030340494
mokhi_office,sharpness,32,2,True,358.81987872799874,32,3.702565375010062,2.4984051712620126,0.17513371575459685,False,1.4819715463284104,3.1312620365271906,0.9510254263877869,6.738922119140625,0.25,0.5629266537397897,4.205370328658203,0.1692635014116421,0.206988789747395,0.5509004030340494
mokhi_office,coverage,32,0,True,358.81987872799874,32,4.099686586880208,3.4573193774935502,0.01476945095971609,False,1.1857992100956418,2.7194655497762668,0.8665733933448792,16.62498664855957,0.8888888888888888,0.967132018086354,0.2537993248810255,0.39393471633309207,0.3817991992712536,0.22792117153855768
mokhi_office,coverage,32,1,True,358.81987872799874,32,4.100437340155123,3.4643249725164633,0.01589076580551856,False,1.183617984076301,2.7578331860813643,0.8534031510353088,15.622031211853027,0.8888888888888888,0.967132018086354,0.22668054829640027,0.3939040568007291,0.33388545258438856,0.2403462637955837
mokhi_office,coverage,32,2,True,358.81987872799874,32,4.078256849320521,3.4779444023156962,0.015145842201843354,False,1.1726055329133849,2.758149984821559,0.8686067461967468,16.09537124633789,0.8888888888888888,0.967132018086354,0.24865281742393508,0.39395486418036696,0.37406034292216006,0.22765259148338512
mokhi_office,coverage_fps,32,0,True,358.81987872799874,32,4.092897233889351,3.4669604690401834,0.015344763680481027,False,1.1805433809928778,2.7138504005963773,0.8665854930877686,16.559825897216797,0.8888888888888888,0.967132018086354,0.2537993248810255,0.3939377390365287,0.3847436313176502,0.22575812899374564
mokhi_office,coverage_fps,32,1,True,358.81987872799874,32,4.102185166932641,3.467656815345496,0.016596132573484322,False,1.182984760423567,2.717354056334753,0.8704419136047363,16.716503143310547,0.8888888888888888,0.967132018086354,0.22668054829640027,0.39394217801835024,0.36098170475333147,0.22961974900386622
mokhi_office,coverage_fps,32,2,True,358.81987872799874,32,4.0712500636391535,3.4506235375089362,0.010268201329736347,False,1.1798592397530152,2.718990026433268,0.8577927350997925,16.309368133544922,0.8888888888888888,0.967132018086354,0.22668054829640027,0.39392980978137315,0.3469723732070538,0.23460405810897444
mokhi_office,coverage_q25,32,0,True,358.81987872799874,32,4.105706984852589,3.458304071470011,0.015658875541939545,False,1.1872024263925955,2.7522749547276755,0.8687383532524109,16.437808990478516,0.8888888888888888,0.967132018086354,0.40349123401580866,0.39263779802990617,0.3466423307451076,0.24991911090803556
mokhi_office,coverage_q25,32,1,True,358.81987872799874,32,4.096812297499191,3.4359564057993444,0.011277725607091869,False,1.1923353540180044,2.694288132921942,0.8729637265205383,16.68829345703125,0.8888888888888888,0.967132018086354,0.40349123401580866,0.3925835721408306,0.315656711045298,0.2397115517576034
mokhi_office,coverage_q25,32,2,True,358.81987872799874,32,4.102088068611182,3.479952189326743,0.018389092229619944,False,1.1787771341205702,2.751525022935465,0.8573223352432251,16.053882598876953,0.8888888888888888,0.967132018086354,0.40349123401580866,0.39273025240791604,0.3568881726993144,0.24869928177089898
mokhi_office,coverage_q75,32,0,True,358.81987872799874,32,3.498501807267377,2.625579390742823,0.18171207035334766,False,1.3324684904224469,3.145058064402641,0.9376237392425537,6.7746968269348145,0.3055555555555556,0.6248326226206785,4.019451594760032,0.18946303581035873,0.23796036906090243,0.4668630457570593
mokhi_office,coverage_q75,32,1,True,358.81987872799874,32,3.5112847565117704,2.6237517667781387,0.18039880378264722,False,1.3382686582517243,3.14806907571733,0.935150682926178,6.907848834991455,0.3055555555555556,0.6248326226206786,4.019451594760032,0.18911028512037564,0.23796036906090243,0.4563769761328252
mokhi_office,coverage_q75,32,2,True,358.81987872799874,32,3.4959189263735104,2.622381151904416,0.18250114054840455,False,1.3331086229912525,3.1513660824576113,0.936876118183136,6.735023498535156,0.3055555555555556,0.6196660040766784,4.019451594760032,0.18838540367165055,0.2379603690609024,0.46245410851806457
mokhi_office,spread_high,32,0,True,358.81987872799874,32,3.4211688137614593,3.359017379239555,0.08361062966463927,False,1.0185028618506209,2.8617545790995242,0.8394802212715149,13.187360763549805,0.6944444444444444,0.882507966503798,1.7701735798310283,0.36128964516538964,0.3096584450742575,0.32413132621693397
mokhi_office,spread_high,32,1,True,358.81987872799874,32,3.4493172187722756,3.4384189340476445,0.07799837530511355,False,1.0031695627943165,2.860232198109681,0.8519169688224792,13.479194641113281,0.6944444444444444,0.8825079665037979,1.7701735798310283,0.36190227424642507,0.32921002100383034,0.32002317264605756
mokhi_office,spread_high,32,2,True,358.81987872799874,32,3.4342255843202016,3.413799557171555,0.07625143079170342,False,1.005983370378538,2.855781970123892,0.8478311896324158,13.464736938476562,0.6944444444444444,0.8825079665037979,1.7701735798310283,0.3555171277431393,0.3060616639011893,0.31754611886159656
mokhi_office,spread_low,32,0,True,358.81987872799874,32,4.064050341252565,3.356120951932189,0.010140577978909908,False,1.2109367926423529,2.5821944579973115,0.8817571997642517,16.614437103271484,0.75,0.9066862669559567,0.7315439199835927,0.39046795175681837,0.2099733702448295,0.17264001435550994
mokhi_office,spread_low,32,1,True,358.81987872799874,32,4.074603373168129,3.312287201005348,0.017881084334829295,False,1.230147969032215,2.517712771483935,0.8762800097465515,17.057682037353516,0.75,0.9066862669559567,0.7996955175367964,0.38205203844183744,0.2554232193512592,0.16682640972254342
mokhi_office,spread_low,32,2,True,358.81987872799874,32,4.060462753812056,3.3477204155685616,0.010929912704503997,False,1.2129037822062108,2.57704896440418,0.8831201791763306,16.621036529541016,0.75,0.9066862669559567,0.7315439199835927,0.3904540482066627,0.2099733702448295,0.16992596671964838
mokhi_office,clustered_high,32,0,True,358.81987872799874,32,3.1319984802290346,2.3253493775321195,0.2711315628122959,False,1.3468937229350917,3.1420561841808485,0.9757596850395203,3.2890396118164062,0.19444444444444445,0.5175332546441075,5.371754245988395,0.10249065715414665,0.05777881570477853,0.48200288286709997
mokhi_office,clustered_high,32,1,True,358.81987872799874,32,3.7657849383961426,3.2663517092516754,0.054576595597913946,False,1.1529024653805233,2.920132780548769,0.8983535766601562,13.947150230407715,0.4166666666666667,0.7140196484119568,1.9452830191116943,0.34262823723171265,0.14687714658948142,0.3272910697817217
mokhi_office,clustered_high,32,2,True,358.81987872799874,32,3.1384359214493123,2.3299116398965802,0.2696653491891759,False,1.347019289361815,3.144359035973091,0.9788755774497986,3.3252391815185547,0.19444444444444445,0.5175332546441075,5.366381666368632,0.10258684937429777,0.0558758377524602,0.4823260633767962
mokhi_office,clustered_low,32,0,True,358.81987872799874,32,3.141258058824598,1.3588078131659445,0.4118751865884437,False,2.3117750931278844,2.604821594864097,0.9425882697105408,8.799629211425781,0.25,0.592132018086354,4.8449849909614695,0.15556868610173372,0.05558202735130572,0.12254630099678752
mokhi_office,clustered_low,32,1,True,358.81987872799874,32,4.7463950259572485,2.678156050896921,0.19408923019953087,False,1.7722623087507052,2.8649713463682187,0.8875922560691833,14.386880874633789,0.4444444444444444,0.7062405433146637,2.777993078558648,0.32616643106261156,0.11307071705228831,0.17472360874205872
mokhi_office,clustered_low,32,2,True,358.81987872799874,32,3.1610436255280145,1.417398102096956,0.40082611537376867,False,2.23017345716171,2.621865391896601,0.9403806328773499,8.783912658691406,0.25,0.583749268653783,4.823687605756304,0.15479846748546602,0.05300471685142219,0.12246133287519664
mokhi_office,uniform,48,0,True,358.81987872799874,48,4.030401337214154,3.3948279060237585,0.0029766396090398655,False,1.1872181591481084,2.8163232827038436,0.8904037475585938,14.583903312683105,0.7777777777777778,0.8958211936576272,0.5202760355145273,0.35183291453655596,0.27525572436548773,0.2591316965480052
mokhi_office,uniform,48,1,True,358.81987872799874,48,4.030401337214154,3.3948279060237585,0.0029766396090398655,False,1.1872181591481084,2.8163232827038436,0.8904037475585938,14.583903312683105,0.7777777777777778,0.8958211936576272,0.5202760355145273,0.35183291453655596,0.27525572436548773,0.2591316965480052
mokhi_office,uniform,48,2,True,358.81987872799874,48,4.030401337214154,3.3948279060237585,0.0029766396090398655,False,1.1872181591481084,2.8163232827038436,0.8904037475585938,14.583903312683105,0.7777777777777778,0.8958211936576272,0.5202760355145273,0.35183291453655596,0.27525572436548773,0.2591316965480052
mokhi_office,random,48,0,True,358.81987872799874,48,4.0851752081316866,3.3527748834766182,0.013245447040482833,False,1.218446018629087,2.7701167803551474,0.897945761680603,15.478997230529785,0.6388888888888888,0.8183729354482407,0.7364225034656329,0.34582779427540267,0.2721554300262245,0.2667740159907625
mokhi_office,random,48,1,True,358.81987872799874,48,4.015486436892379,3.370743177471833,0.008357639737964072,False,1.1912762929343448,2.8673433153959884,0.9008861780166626,14.485867500305176,0.6666666666666666,0.8594749619822096,0.7652023109749582,0.35413543516494567,0.24138391554831598,0.2537510788447119
mokhi_office,random,48,2,True,358.81987872799874,48,3.945939622391431,3.4093472012938744,0.012286273945182951,False,1.157388611196277,2.8664213194661423,0.9029828310012817,13.431645393371582,0.7222222222222222,0.8651564980369868,1.456329410335119,0.33711717183113493,0.26398426550564036,0.24734187509505198
mokhi_office,sharpness,48,0,True,358.81987872799874,48,3.577758150555918,2.549741744820659,0.18303916316026103,False,1.4031845216573362,3.1439434588124637,0.9582526087760925,6.573102951049805,0.2777777777777778,0.5938800718757867,4.091657662238461,0.1676741874667019,0.15372100661736735,0.47906132384678735
mokhi_office,sharpness,48,1,True,358.81987872799874,48,3.577758150555918,2.549741744820659,0.18303916316026103,False,1.4031845216573362,3.1439434588124637,0.9582526087760925,6.573102951049805,0.2777777777777778,0.5938800718757867,4.091657662238461,0.1676741874667019,0.15372100661736735,0.47906132384678735
mokhi_office,sharpness,48,2,True,358.81987872799874,48,3.577758150555918,2.549741744820659,0.18303916316026103,False,1.4031845216573362,3.1439434588124637,0.9582526087760925,6.573102951049805,0.2777777777777778,0.5938800718757867,4.091657662238461,0.1676741874667019,0.15372100661736735,0.47906132384678735
mokhi_office,coverage,48,0,True,358.81987872799874,48,4.091035640115522,3.476715240865545,0.01654644916125903,False,1.1766956327136644,2.7338952524699565,0.8747648596763611,16.247802734375,1.0,0.9835660090431771,0.22668054829640027,0.3865099707960437,0.2667531379219982,0.22815862871205175
mokhi_office,coverage,48,1,True,358.81987872799874,48,4.0694609231364485,3.4667543411998567,0.012414858854060264,False,1.1738532709900618,2.7645460752837527,0.8691544532775879,15.820808410644531,1.0,0.9835660090431771,0.22668054829640027,0.3875026153243868,0.26505317137057044,0.24452282977551035
mokhi_office,coverage,48,2,True,358.81987872799874,48,4.091758373793997,3.484054269677983,0.017713245708408158,False,1.1744244081973447,2.734843636135076,0.8765923380851746,16.287485122680664,1.0,0.9835660090431771,0.22364780554684893,0.38832196379400025,0.25131636559843484,0.22316042956801563
mokhi_office,coverage_fps,48,0,True,358.81987872799874,48,4.094928120770486,3.4894720903709238,0.018900762414187488,False,1.1735093488984472,2.7197668082742803,0.8790807723999023,16.439016342163086,0.9722222222222222,0.9755065755591242,0.2537993248810255,0.38641381401575703,0.26624027614360557,0.22990030413082652
mokhi_office,coverage_fps,48,1,True,358.81987872799874,48,4.105281431973885,3.448154652969536,0.014116279537462532,False,1.19057346469029,2.696216725256904,0.8779796957969666,16.382009506225586,0.9722222222222222,0.9755065755591242,0.22668054829640027,0.38523639464340226,0.25264309456421347,0.2300423036212745
mokhi_office,coverage_fps,48,2,True,358.81987872799874,48,4.082495410358598,3.4536204637631647,0.012099477604477282,False,1.1820915046091063,2.7206536327611754,0.8717041611671448,16.177539825439453,0.9722222222222222,0.9755065755591242,0.22668054829640027,0.38675629260661853,0.2585236554894713,0.23769395160732856
mokhi_office,coverage_q25,48,0,True,358.81987872799874,48,4.1048932867005945,3.474237205899442,0.01789720110751753,False,1.1815236103425133,2.7739221325935874,0.8742389678955078,16.036346435546875,0.9444444444444444,0.9674471420750712,0.40349123401580866,0.38748690330271063,0.23487954211244083,0.24565332850473956
mokhi_office,coverage_q25,48,1,True,358.81987872799874,48,4.093565420098054,3.4584596283339004,0.014179502816708885,False,1.1836383419256837,2.7321472607513924,0.8816190958023071,16.521728515625,0.9444444444444444,0.9674471420750712,0.40349123401580866,0.3879687475060308,0.2339085854876462,0.25075616199863865
mokhi_office,coverage_q25,48,2,True,358.81987872799874,48,4.083929268755,3.4727779289773455,0.015089215862814885,False,1.1759834208453475,2.7752013634169774,0.8578972816467285,15.832318305969238,0.9444444444444444,0.9674471420750712,0.40349123401580866,0.3866103611648593,0.2503262587023545,0.25713073877077536
mokhi_office,coverage_q75,48,0,True,358.81987872799874,48,3.5098575618014136,2.604461246081778,0.18340725025672083,False,1.3476328615300912,3.1340706527874933,0.948832631111145,6.628154754638672,0.3055555555555556,0.6134433512065594,4.019451594760032,0.1768629887985553,0.15695258384868033,0.4657629298430275
mokhi_office,coverage_q75,48,1,True,358.81987872799874,48,3.5098575618014136,2.604461246081778,0.18340725025672083,False,1.3476328615300912,3.1340706527874933,0.948832631111145,6.628154754638672,0.3055555555555556,0.6134433512065594,4.019451594760032,0.1768629887985553,0.15695258384868033,0.4657629298430275
mokhi_office,coverage_q75,48,2,True,358.81987872799874,48,3.5098575618014136,2.604461246081778,0.18340725025672083,False,1.3476328615300912,3.1340706527874933,0.948832631111145,6.628154754638672,0.3055555555555556,0.6134433512065594,4.019451594760032,0.1768629887985553,0.15695258384868033,0.4657629298430275
mokhi_office,spread_high,48,0,True,358.81987872799874,48,3.45657419545723,3.1690045743369866,0.10712418588941916,False,1.0907444638764552,2.8767341356793046,0.8664836287498474,13.059115409851074,0.6944444444444444,0.8705763782720772,1.7701735798310283,0.34827276160086923,0.21134514759563747,0.3282441790765626
mokhi_office,spread_high,48,1,True,358.81987872799874,48,3.419130041018435,3.2246737241565926,0.1035846575349676,False,1.0603026332261574,2.904625641845883,0.8667569756507874,12.646652221679688,0.6944444444444444,0.8655589275938389,1.7701735798310283,0.34374370603034576,0.2182582231251577,0.33252346628897406
mokhi_office,spread_high,48,2,True,358.81987872799874,48,3.457606382005183,3.2247267686825376,0.09881640576741207,False,1.0722168512335042,2.8837140492768283,0.862109899520874,12.978466987609863,0.6944444444444444,0.8686009103996535,1.7701735798310283,0.34210675084829334,0.2171385244918881,0.32110089644583206
mokhi_office,spread_low,48,0,True,358.81987872799874,48,4.118623877267591,3.264486405337899,0.03034470194884251,False,1.2616452837827894,2.581311319161899,0.8932930827140808,16.449304580688477,0.75,0.8988631764634417,0.7315439199835927,0.3731452418482209,0.15120512384614412,0.15880893191713602
mokhi_office,spread_low,48,1,True,358.81987872799874,48,4.101802493092547,3.3015657145564643,0.02282020579239264,False,1.2423809936624532,2.5547532405735485,0.902229905128479,17.20112419128418,0.75,0.8988631764634418,0.7315439199835927,0.3767132084974707,0.1764924557932722,0.16417041019730305
mokhi_office,spread_low,48,2,True,358.81987872799874,48,4.029662403543507,3.3339799517640474,0.012000603813916403,False,1.2086642576873823,2.5882102367891946,0.8905754089355469,16.332109451293945,0.75,0.8958211936576271,0.7315439199835927,0.3689118386199995,0.17861678683140048,0.15594314218097238
mokhi_office,clustered_high,48,0,True,358.81987872799874,48,3.5168010244275534,2.5298360577468806,0.19350322570052697,False,1.39013001006859,3.1190339390499386,0.9740891456604004,5.41645622253418,0.3055555555555556,0.6384543564218809,4.669379465291779,0.15633332051512386,0.05893263234754119,0.4359994389613638
mokhi_office,clustered_high,48,1,True,358.81987872799874,48,3.477781437635014,3.118333353467523,0.11193891663167899,False,1.1152692940181625,2.9262263803392488,0.8616436719894409,11.96627426147461,0.6388888888888888,0.8379362147790135,1.9452830191116943,0.3340343465221203,0.12875499648965819,0.33979522197318945
mokhi_office,clustered_high,48,2,True,358.81987872799874,48,3.4998431329683783,2.6015118988815447,0.18507924721980165,False,1.345311214787466,3.1009210839231796,0.9594484567642212,5.98199462890625,0.3333333333333333,0.6530001850744154,2.7240964461800843,0.17355059874091763,0.09874658965734742,0.4334960975660005
mokhi_office,clustered_low,48,0,True,358.81987872799874,48,3.3312307606629723,2.6778815497782205,0.19472958261336543,False,1.2439798769063783,2.7817951068545854,0.9176297783851624,10.806815147399902,0.3888888888888889,0.7088166596475423,3.7831601970631707,0.20793193720660638,0.06421599518193227,0.1303468465829485
mokhi_office,clustered_low,48,1,True,358.81987872799874,48,4.6928193646120455,2.9019026892194466,0.15461438165531466,False,1.6171525606443817,2.766542952955896,0.8264119029045105,16.532316207885742,0.5555555555555556,0.7763341103257806,1.261249117993235,0.3552930927593005,0.10684970615290107,0.16394358528543732
mokhi_office,clustered_low,48,2,True,358.81987872799874,48,3.1848853986576176,3.0253894367497125,0.16182158207406944,False,1.0527191507878264,2.780858697777237,0.8984377384185791,10.954724311828613,0.4166666666666667,0.7218935438098335,3.078058491082838,0.22008431296883724,0.07777950461990304,0.13284517987514877
room2,uniform,8,0,True,359.94036044575375,8,5.740745121858327,2.7738656478710584,0.09233707036039922,False,2.069582975752394,2.5408067585562017,0.07110723108053207,19.504756927490234,0.2222222222222222,0.5802792108518123,1.5426963883967884,0.41184944952020214,1.264817595320419,0.15277267463758482
room2,uniform,8,1,True,359.94036044575375,8,5.740745121858327,2.7738656478710584,0.09233707036039922,False,2.069582975752394,2.5408067585562017,0.07110723108053207,19.504756927490234,0.2222222222222222,0.5802792108518123,1.5426963883967884,0.41184944952020214,1.264817595320419,0.15277267463758482
room2,uniform,8,2,True,359.94036044575375,8,5.740745121858327,2.7738656478710584,0.09233707036039922,False,2.069582975752394,2.5408067585562017,0.07110723108053207,19.504756927490234,0.2222222222222222,0.5802792108518123,1.5426963883967884,0.41184944952020214,1.264817595320419,0.15277267463758482
room2,random,8,0,True,359.94036044575375,8,5.992880194564097,2.772466816931278,0.07158073406473595,False,2.1615696743297197,2.3117886357111583,0.058489616960287094,24.691673278808594,0.2222222222222222,0.5802792108518123,2.1108778274444915,0.40237219358618603,1.2912859531436693,0.1518998659249023
room2,random,8,1,True,359.94036044575375,8,5.648014885963508,2.0182184691972744,0.21722597266444854,False,2.798515112296018,2.6931525254277657,0.01837104745209217,25.038738250732422,0.16666666666666666,0.483566009043177,2.8126611283684557,0.3571801743694326,0.9702535276880294,0.1821099187901946
room2,random,8,2,True,359.94036044575375,8,5.881089762268292,2.094830191034398,0.18595831028302903,False,2.8074303050617635,2.2909263189486344,0.264572411775589,23.30862045288086,0.1388888888888889,0.4352094081388593,2.0264997729267313,0.3649692683314486,1.694751829471451,0.08712191249888965
room2,sharpness,8,0,True,359.94036044575375,8,2.7841735768295655,1.9921404369554008,0.45949152508398355,False,1.3975789684208375,2.4849112559302524,0.6833552122116089,6.1376190185546875,0.19444444444444445,0.5319226099474947,2.520807658933288,0.3841311715120511,0.588244423432925,0.6943424329003121
room2,sharpness,8,1,True,359.94036044575375,8,2.7841735768295655,1.9921404369554008,0.45949152508398355,False,1.3975789684208375,2.4849112559302524,0.6833552122116089,6.1376190185546875,0.19444444444444445,0.5319226099474947,2.520807658933288,0.3841311715120511,0.588244423432925,0.6943424329003121
room2,sharpness,8,2,True,359.94036044575375,8,2.7841735768295655,1.9921404369554008,0.45949152508398355,False,1.3975789684208375,2.4849112559302524,0.6833552122116089,6.1376190185546875,0.19444444444444445,0.5319226099474947,2.520807658933288,0.3841311715120511,0.588244423432925,0.6943424329003121
room2,coverage,8,0,True,359.94036044575375,8,4.483948331049946,2.510455309500693,0.23772672820467483,False,1.7861096009479505,2.0640465676079334,0.1819431632757187,13.011810302734375,0.2222222222222222,0.5802792108518123,0.8258661645682932,0.43087437879834656,1.5700959538208625,0.10806433968881013
room2,coverage,8,1,True,359.94036044575375,8,5.655393547417865,2.8024074268444132,0.09501096902341964,False,2.018048301344245,2.0679249439359184,0.19101345539093018,33.88983154296875,0.2222222222222222,0.5802792108518123,0.8128863496084033,0.4308929942522171,1.687233157081505,0.3568278397115875
room2,coverage,8,2,True,359.94036044575375,8,4.066189826002334,3.08480848085323,0.18341417899699314,False,1.3181336381951538,2.4572019015487996,0.2578718364238739,20.395339965820312,0.2222222222222222,0.5802792108518123,0.8267707885007409,0.4308683358458542,1.6659606407777787,0.12266424872657425
room2,coverage_fps,8,0,True,359.94036044575375,8,5.123540194840422,2.451459356310177,0.19367210226263248,False,2.089995977968053,1.8588717587918948,0.10034050792455673,27.864253997802734,0.2222222222222222,0.5802792108518123,0.8250802517547013,0.43088308887780985,1.9150694452341195,0.24198313048167422
room2,coverage_fps,8,1,True,359.94036044575375,8,4.571966378766124,2.6698402141960926,0.20568994251041967,False,1.7124494396541161,1.7051940874027316,0.14445164799690247,31.153127670288086,0.2222222222222222,0.5802792108518123,0.8228041855450083,0.43085018664992647,1.2542041878800263,0.08693661158031854
room2,coverage_fps,8,2,True,359.94036044575375,8,4.142692695487902,3.8800843747347615,0.25707016954445017,False,1.067681085097819,1.812636043566403,0.20377127826213837,26.927095413208008,0.2222222222222222,0.5802792108518123,0.8269889054990909,0.43089874389220056,1.5673799367406285,0.1429132612102213
room2,coverage_q25,8,0,True,359.94036044575375,8,4.539902931074472,2.8776360367452876,0.17613494765214982,False,1.577650152105153,2.2790299978372444,0.1321558952331543,31.65677833557129,0.2222222222222222,0.5802792108518123,0.8068199257704238,0.4308932742996375,1.4622772587622161,0.3658782667343231
room2,coverage_q25,8,1,True,359.94036044575375,8,3.505305637288535,2.863111229750859,0.26444773464299265,False,1.2242994965981668,2.426903291172323,0.18014074862003326,27.563796997070312,0.2222222222222222,0.5802792108518123,0.8625012792533058,0.430736296269663,1.4644353420883964,0.1470689698109016
room2,coverage_q25,8,2,True,359.94036044575375,8,3.6965574792007616,2.752021325648103,0.2657652045087884,False,1.3432154194263808,2.102666847218889,0.26459336280822754,28.59640121459961,0.2222222222222222,0.5802792108518123,0.8989833821597983,0.4307587667166763,1.4296653564182655,0.16059778147569334
room2,coverage_q75,8,0,True,359.94036044575375,8,4.602757712034361,3.4020370536262954,0.14467177386447902,False,1.352941675672872,1.8747123839436988,0.16256894171237946,24.072601318359375,0.2222222222222222,0.5802792108518123,0.9164669544571762,0.43063158089531983,1.8161953455505362,0.29132544335993144
room2,coverage_q75,8,1,True,359.94036044575375,8,4.669842165425336,3.288621052513626,0.12150452341715988,False,1.4200000823615682,2.2096313173846798,0.10599273443222046,21.40200424194336,0.2222222222222222,0.5802792108518123,0.961215201800595,0.4297355227085908,1.7457576879260064,0.2766707715678712
room2,coverage_q75,8,2,True,359.94036044575375,8,6.210314961401745,3.1008059503274388,0.035759770045465884,False,2.0028067092511703,2.315475116873783,0.19576796889305115,27.980039596557617,0.2222222222222222,0.5802792108518123,1.0365586408494414,0.42880797966674955,1.712973347596961,0.33827053464431767
room2,spread_high,8,0,True,359.94036044575375,8,4.830895536935554,3.349145663072566,0.11749301060688191,False,1.4424262253507374,1.963133937662555,0.0988093763589859,23.917652130126953,0.2222222222222222,0.5802792108518123,0.8729929245168169,0.43078567969288806,1.7946226172889295,0.20131320685306736
room2,spread_high,8,1,True,359.94036044575375,8,3.779799542659544,2.8600160888385266,0.2420945731905586,False,1.321600797076127,2.3262991514375946,0.40639349818229675,23.032970428466797,0.2222222222222222,0.5802792108518123,0.889342384037942,0.43045278416696403,0.8826346134942867,0.20354122826772275
room2,spread_high,8,2,True,359.94036044575375,8,4.537082940196235,3.7792380517162227,0.20862590911104367,False,1.2005284869884978,2.0188930126076157,0.19446010887622833,26.241016387939453,0.2222222222222222,0.5802792108518123,0.920833858037394,0.43072299326638047,1.108640535758815,0.2091587481659166
room2,spread_low,8,0,True,359.94036044575375,8,5.0374796289789785,2.5347583853313025,0.18791397618150985,False,1.987360869631983,1.690843099870107,0.269322007894516,18.924083709716797,0.2222222222222222,0.5802792108518123,0.9266235547852713,0.43049778057036436,1.2239556228948982,0.04491042219174239
room2,spread_low,8,1,True,359.94036044575375,8,3.44386758140971,3.313315181118821,0.22731348698511933,False,1.0394023487517432,1.9950125611365417,0.11501510441303253,26.10052490234375,0.2222222222222222,0.5802792108518123,0.9199093073425617,0.43057706899382014,1.4255486722067128,0.053397885220965065
room2,spread_low,8,2,True,359.94036044575375,8,3.097783419293908,1.6487274409848935,0.4866564065214104,False,1.878893589254145,1.6102892021367785,0.10594454407691956,36.97125244140625,0.2222222222222222,0.5802792108518123,0.8666894991326397,0.4306571725661999,1.5582844756112084,0.054115653843780226
room2,clustered_high,8,0,True,359.94036044575375,8,2.725906058926964,2.6697494463129283,0.3592640915759338,False,1.0210344130575966,2.3303072195507424,0.6636595129966736,18.34988784790039,0.19444444444444445,0.5319226099474947,3.2254077163635912,0.2552266609390631,0.4368253701165707,0.417397678414425
room2,clustered_high,8,1,True,359.94036044575375,8,4.801745501731588,1.9788211131795408,0.293730049323501,False,2.426568763467565,2.375114540519586,0.8459996581077576,9.031744003295898,0.2222222222222222,0.5802792108518123,3.9911488684379757,0.29306433377876795,0.32743377696308723,0.15110488365394087
room2,clustered_high,8,2,True,359.94036044575375,8,3.0934767982870084,2.2493360456949825,0.39388052866237866,False,1.3752844107965245,2.116365282043269,0.5326297283172607,29.446205139160156,0.19444444444444445,0.5319226099474947,3.5664140714039902,0.28015697740931855,0.46391678684192017,0.40200998319051423
room2,clustered_low,8,0,True,359.94036044575375,8,3.6924093271198233,1.1280541036889802,0.5179327378806157,True,3.2732555247526234,1.6838255423568946,0.24845781922340393,14.901121139526367,0.16666666666666666,0.483566009043177,4.942386352938147,0.17074391288822713,0.33975693255712314,0.03739140963885611
room2,clustered_low,8,1,True,359.94036044575375,8,2.504152933729089,1.2850344550493005,0.5924326275480796,False,1.948704895724385,2.116837621356826,0.3811972141265869,21.194686889648438,0.1388888888888889,0.4169575113039712,4.737938251849836,0.20618601342165113,0.2667737312929244,0.05109137348536731
room2,clustered_low,8,2,True,359.94036044575375,8,3.7892525543006603,1.0768987093440203,0.5178095419546725,True,3.5186712746724687,1.5744755500716607,0.402308851480484,15.49700927734375,0.16666666666666666,0.483566009043177,5.057522065393252,0.1629767654984438,0.28025107239440494,0.040448356804738475
room2,uniform,12,0,True,359.94036044575375,12,5.407633529345126,2.782624772862352,0.11868791002695461,False,1.9433570713821229,1.933456154448903,0.1146342009305954,26.630075454711914,0.25,0.5845452705853766,1.9385779099674387,0.3929504920850044,1.9794736436459979,0.1803269668849445
room2,uniform,12,1,True,359.94036044575375,12,5.407633529345126,2.782624772862352,0.11868791002695461,False,1.9433570713821229,1.933456154448903,0.1146342009305954,26.630075454711914,0.25,0.5845452705853766,1.9385779099674387,0.3929504920850044,1.9794736436459979,0.1803269668849445
room2,uniform,12,2,True,359.94036044575375,12,5.407633529345126,2.782624772862352,0.11868791002695461,False,1.9433570713821229,1.933456154448903,0.1146342009305954,26.630075454711914,0.25,0.5845452705853766,1.9385779099674387,0.3929504920850044,1.9794736436459979,0.1803269668849445
room2,random,12,0,True,359.94036044575375,12,4.484324357944084,2.7927304180308763,0.19392411161322248,False,1.6057132936969736,2.457946585899018,0.06942611187696457,22.592199325561523,0.3055555555555556,0.661188669681059,1.449075734670287,0.4012338073886554,1.4744816432313919,0.1792338912686103
room2,random,12,1,True,359.94036044575375,12,7.233988129752775,1.890614165279293,0.308571434022729,False,3.8262635828099416,2.429075557119693,0.1294330209493637,23.295196533203125,0.2777777777777778,0.6289509357448473,1.2179874261380483,0.3704802510801768,1.5364433562325976,0.11146015444289575
room2,random,12,2,True,359.94036044575375,12,4.89898807885659,2.62607436297142,0.18527403701372686,False,1.8655176517215428,1.9535495251366706,0.3469206988811493,32.09111404418945,0.2777777777777778,0.6167830045215885,1.555148587065835,0.3660485189837289,1.527140790741131,0.10384678018286247
room2,sharpness,12,0,True,359.94036044575375,12,3.591944663851664,2.6596616817568846,0.28878903121588134,False,1.3505269066699281,2.7847895045014353,0.6483220458030701,9.643880844116211,0.25,0.5845452705853766,2.520807658933288,0.3337681574870414,0.6528425341014654,0.625467136633503
room2,sharpness,12,1,True,359.94036044575375,12,3.591944663851664,2.6596616817568846,0.28878903121588134,False,1.3505269066699281,2.7847895045014353,0.6483220458030701,9.643880844116211,0.25,0.5845452705853766,2.520807658933288,0.3337681574870414,0.6528425341014654,0.625467136633503
room2,sharpness,12,2,True,359.94036044575375,12,3.591944663851664,2.6596616817568846,0.28878903121588134,False,1.3505269066699281,2.7847895045014353,0.6483220458030701,9.643880844116211,0.25,0.5845452705853766,2.520807658933288,0.3337681574870414,0.6528425341014654,0.625467136633503
room2,coverage,12,0,True,359.94036044575375,12,5.353495565225177,3.2369009175721626,0.056616418201616586,False,1.6538954084638977,2.102930953367925,0.2811545431613922,15.589706420898438,0.3333333333333333,0.6934264036172709,0.793693261339028,0.4091000485253224,1.5335954365630473,0.10394127571418056
room2,coverage,12,1,True,359.94036044575375,12,6.61752017696714,2.4734566725758507,0.1669128426774174,False,2.67541382484605,2.0833628566637334,0.1018948033452034,28.425521850585938,0.3333333333333333,0.6934264036172709,0.7945157321419107,0.4116189610184049,1.601691088422408,0.2681152985537261
room2,coverage,12,2,True,359.94036044575375,12,4.635192192845008,3.093763816027463,0.1346944197566841,False,1.498237250313701,2.2993016362820704,0.20423324406147003,24.892364501953125,0.3333333333333333,0.6934264036172709,0.790478931452752,0.4131429019042476,1.4577267155943507,0.10028244141935681
room2,coverage_fps,12,0,True,359.94036044575375,12,5.935638734743801,2.5875297509746926,0.10501972093171756,False,2.29394028513408,1.9883457737148782,0.12247606366872787,24.751014709472656,0.3333333333333333,0.6934264036172709,0.779627553616776,0.4114716068825269,1.3610082872850213,0.2003225660746842
room2,coverage_fps,12,1,True,359.94036044575375,12,5.9134551765327155,3.1513020166606713,0.019442965289102422,False,1.8765117228589232,1.6879766513657475,0.10109472274780273,34.63765335083008,0.3333333333333333,0.6934264036172709,0.8024608612718578,0.4073714580658003,1.7210099999854267,0.13241656275435135
room2,coverage_fps,12,2,True,359.94036044575375,12,3.7825690943326236,3.6491802704686047,0.25122075290440415,False,1.036553092469419,1.865884146162038,0.3112025856971741,31.27671241760254,0.3333333333333333,0.6934264036172709,0.8269889054990909,0.4062780552522442,1.392817600999804,0.15360137381264782
room2,coverage_q25,12,0,True,359.94036044575375,12,4.779840789688896,3.170742855604572,0.11072532552306688,False,1.5074829487481456,1.7064707570473479,0.22373859584331512,32.97550964355469,0.3333333333333333,0.6934264036172709,0.8068199257704238,0.4111618390260262,1.2126446325383637,0.3442677085477503
room2,coverage_q25,12,1,True,359.94036044575375,12,5.640039509707914,2.7846448864799975,0.09904252782806085,False,2.025407094847685,2.2105491573356026,0.14275029301643372,24.77123260498047,0.3333333333333333,0.6934264036172709,0.78673627177514,0.4112057932602895,1.2945263958291398,0.24065403013835063
room2,coverage_q25,12,2,True,359.94036044575375,12,3.961559216303489,3.788182422375478,0.25788643147856766,False,1.045767804872314,2.132720928087745,0.09908542782068253,28.289255142211914,0.3333333333333333,0.6934264036172709,0.8015699788284509,0.4133724593230877,1.0959188919706406,0.15794983484507535
room2,coverage_q75,12,0,True,359.94036044575375,12,4.835622190490224,2.6346185671851905,0.18922005800548217,False,1.8354164244946365,2.723155025327694,0.2868608236312866,22.503725051879883,0.3333333333333333,0.6934264036172709,0.8444667281222911,0.406255147766169,1.1557606744412503,0.33707588223190577
room2,coverage_q75,12,1,True,359.94036044575375,12,6.437895704977599,2.977138655207112,0.07386714673326336,False,2.1624440278310555,2.1208691249076486,0.20597907900810242,26.092247009277344,0.3333333333333333,0.6934264036172709,0.8444667281222911,0.4094819625290457,1.511362635764652,0.36292704135283965
room2,coverage_q75,12,2,True,359.94036044575375,12,6.3792319485963755,3.1039454855240995,0.049323886212342086,False,2.0552010266762935,2.2140318991633565,0.3562353849411011,28.03313446044922,0.3333333333333333,0.6934264036172709,1.0365586408494414,0.40613000325596144,1.4590427248377813,0.3282308030695557
room2,spread_high,12,0,True,359.94036044575375,12,4.404471602834621,3.373763465129773,0.15678144663053586,False,1.3055069356100226,1.953012922639355,0.2750128507614136,23.94574737548828,0.3333333333333333,0.6934264036172709,0.8444667281222911,0.41096613361141404,1.1437679408553707,0.21647092892565367
room2,spread_high,12,1,True,359.94036044575375,12,3.7082185024218397,3.4256933757878776,0.2227501566745425,False,1.0824723919048895,2.2136894211454208,0.44384151697158813,25.833541870117188,0.3333333333333333,0.6934264036172709,0.7836692914702432,0.41113777892219516,1.0192059342148507,0.19112399796139692
room2,spread_high,12,2,True,359.94036044575375,12,3.8489421299830573,3.8440667724003834,0.2759199877446611,False,1.0012682811905553,2.0879390351746467,0.18485642969608307,25.527145385742188,0.3333333333333333,0.6934264036172709,0.8444667281222911,0.41137375024901157,1.0579108583532226,0.20695101243708447
room2,spread_low,12,0,True,359.94036044575375,12,4.762661287173057,1.84301458538524,0.31804018207852974,False,2.5841690700334485,1.6336175519506042,0.14122381806373596,16.484514236450195,0.3333333333333333,0.6934264036172709,0.8217721560497937,0.41093916902344774,1.2365750338252952,0.048597902186959065
room2,spread_low,12,1,True,359.94036044575375,12,4.625815726229208,2.767372523658026,0.18608664664734767,False,1.6715551255508656,2.085964526285218,0.21980126202106476,25.54912567138672,0.3333333333333333,0.6934264036172709,0.783618172253429,0.40853446002680854,1.5543648735925688,0.055113371841209846
room2,spread_low,12,2,True,359.94036044575375,12,4.990724193490968,2.113217240972908,0.2571700115222172,False,2.3616711508530375,1.7507359180393964,0.19120219349861145,29.78729248046875,0.3333333333333333,0.6934264036172709,0.7895854933297808,0.41204503160867645,1.5222262006476575,0.06182240390966968
room2,clustered_high,12,0,True,359.94036044575375,12,3.2998238790382697,2.789051619731528,0.29302438370289796,False,1.1831347457656263,1.644688538526601,0.7013907432556152,30.554956436157227,0.2777777777777778,0.6289509357448473,3.2254077163635912,0.31590137898077053,0.43529797366182826,0.33291215606340446
room2,clustered_high,12,1,True,359.94036044575375,12,4.986253098381005,2.069762970646396,0.2642802187821992,False,2.4090937798659025,2.3162440806420177,0.7106671929359436,9.899640083312988,0.2777777777777778,0.6289509357448473,3.585696336182319,0.3044127455587049,0.40247115593951643,0.15284880353780017
room2,clustered_high,12,2,True,359.94036044575375,12,3.3603808139983817,2.7653405614086557,0.29166388565414014,False,1.2151779281343251,1.6540961440018855,0.7150020599365234,30.76085090637207,0.25,0.5967132018086354,3.5664140714039902,0.3079095511698498,0.4248046167493083,0.3186515752796895
room2,clustered_low,12,0,True,359.94036044575375,12,3.8102190054582765,1.0238111402248762,0.5242975876507021,True,3.7216033853874424,1.695613657944242,0.43574392795562744,18.256103515625,0.2777777777777778,0.6289509357448473,4.162954821476985,0.23358976555631925,0.31463903999491266,0.04015353005178946
room2,clustered_low,12,1,True,359.94036044575375,12,2.7796390654834395,1.4501180860982008,0.5439180815277275,False,1.9168363543154958,2.763873270857955,0.48841580748558044,19.254690170288086,0.1388888888888889,0.411188669681059,4.737938251849836,0.18967033278784068,0.22381319401293487,0.054674819180251716
room2,clustered_low,12,2,True,359.94036044575375,12,2.6790697069017555,1.062686703228951,0.6123612260164838,True,2.521034373311964,1.5618847500999042,0.49957889318466187,23.1607608795166,0.2777777777777778,0.6289509357448473,3.833262432301254,0.26603382223697064,0.289637921804803,0.04661972008685899
room2,uniform,16,0,True,359.94036044575375,16,6.1783091272286565,3.2543981895268574,0.018575006777253555,False,1.8984490426252645,2.070768483238084,0.18858766555786133,29.651996612548828,0.2777777777777778,0.62863581175613,1.2413510324226062,0.3977779714433251,1.7894942710404338,0.16950789877548303
room2,uniform,16,1,True,359.94036044575375,16,6.1783091272286565,3.2543981895268574,0.018575006777253555,False,1.8984490426252645,2.070768483238084,0.18858766555786133,29.651996612548828,0.2777777777777778,0.62863581175613,1.2413510324226062,0.3977779714433251,1.7894942710404338,0.16950789877548303
room2,uniform,16,2,True,359.94036044575375,16,6.1783091272286565,3.2543981895268574,0.018575006777253555,False,1.8984490426252645,2.070768483238084,0.18858766555786133,29.651996612548828,0.2777777777777778,0.62863581175613,1.2413510324226062,0.3977779714433251,1.7894942710404338,0.16950789877548303
room2,random,16,0,True,359.94036044575375,16,5.974148081320086,3.331380333354149,0.019639503077726515,False,1.7932951159932877,1.7512914569145674,0.17194411158561707,31.958709716796875,0.3611111111111111,0.7011707131126066,1.3084272024905168,0.39199266290826384,1.3458427836604607,0.15030515229881863
room2,random,16,1,True,359.94036044575375,16,6.076158206588214,3.3413954138912216,0.023568160734677567,False,1.818449316512416,2.3539464225295257,0.054881591349840164,25.643836975097656,0.3611111111111111,0.7011707131126066,1.4312377123724662,0.3924322130025509,1.4759923654143905,0.1060678936186564
room2,random,16,2,True,359.94036044575375,16,6.084596707882538,3.0267751226112445,0.03678188199263278,False,2.0102572742943865,1.7915608291317775,0.18568304181098938,28.357650756835938,0.3611111111111111,0.7011707131126066,1.0421558373065354,0.39964972332675053,1.5172824785773753,0.1662169975684801
room2,sharpness,16,0,True,359.94036044575375,16,4.962566421311045,2.666944124855581,0.1736479059692126,False,1.8607688009135834,2.9342983822192203,0.34199926257133484,16.58514404296875,0.3333333333333333,0.6678664642430038,1.8862908460409118,0.36639765461782137,0.6475412122495156,0.5747966780116407
room2,sharpness,16,1,True,359.94036044575375,16,4.962566421311045,2.666944124855581,0.1736479059692126,False,1.8607688009135834,2.9342983822192203,0.34199926257133484,16.58514404296875,0.3333333333333333,0.6678664642430038,1.8862908460409118,0.36639765461782137,0.6475412122495156,0.5747966780116407
room2,sharpness,16,2,True,359.94036044575375,16,4.962566421311045,2.666944124855581,0.1736479059692126,False,1.8607688009135834,2.9342983822192203,0.34199926257133484,16.58514404296875,0.3333333333333333,0.6678664642430038,1.8862908460409118,0.36639765461782137,0.6475412122495156,0.5747966780116407
room2,coverage,16,0,True,359.94036044575375,16,4.235964328041434,2.483762550857554,0.26249382475297595,False,1.7054626766068712,2.0640419611199117,0.028607280924916267,22.154308319091797,0.4444444444444444,0.7737056144690831,0.45568339558314364,0.4060715998327145,1.4619589445798165,0.10175545646027889
room2,coverage,16,1,True,359.94036044575375,16,5.673041276718788,2.5797744706172065,0.12806583906312752,False,2.1990454364646546,1.7102279141286982,0.1383504867553711,30.53646469116211,0.4444444444444444,0.7737056144690831,0.43580030664250735,0.4060899489906396,1.5957229291574246,0.28568288701913613
room2,coverage,16,2,True,359.94036044575375,16,5.497232571493495,3.4927926131612814,0.08434016335235056,False,1.5738788930036187,2.4141456820426677,0.11852262169122696,24.594310760498047,0.4444444444444444,0.7737056144690831,0.4205330657499049,0.4060798937983538,1.2018315732624978,0.11290617943140618
room2,coverage_fps,16,0,True,359.94036044575375,16,6.14315365986393,2.7313293470342597,0.0874664641971058,False,2.249144236865579,1.883272256558291,0.20549458265304565,25.045032501220703,0.4444444444444444,0.7737056144690831,0.43580030664250735,0.4060910350298376,1.5237745313111224,0.21681389973381843
room2,coverage_fps,16,1,True,359.94036044575375,16,5.268210856985065,3.0816596786315866,0.08391523234369683,False,1.7095368750531266,1.763823190706393,0.12306869775056839,34.186370849609375,0.4444444444444444,0.7737056144690831,0.4211674683380422,0.4060515443850093,1.6278489092295065,0.11517913411773384
room2,coverage_fps,16,2,True,359.94036044575375,16,3.698508781101843,3.4838909681773433,0.2325823178291695,False,1.0616029074631979,2.0260217103943976,0.40119168162345886,29.765939712524414,0.4444444444444444,0.7737056144690831,0.4665305949562617,0.4060769816796854,1.120995467507207,0.14226086906533303
room2,coverage_q25,16,0,True,359.94036044575375,16,4.88206350583605,3.2560131402447143,0.09879501708923795,False,1.4993992025072496,1.7764811961288367,0.22703930735588074,29.673439025878906,0.4444444444444444,0.7737056144690831,0.45930211324019865,0.40606458310738097,1.328682608615993,0.2884884003188818
room2,coverage_q25,16,1,True,359.94036044575375,16,5.676842871703015,2.5578489834111573,0.13114951525982582,False,2.2193815618201023,2.258743005055815,0.1568976789712906,23.819692611694336,0.4444444444444444,0.7737056144690831,0.43580030664250735,0.40595800824059036,1.5200380239159261,0.20642195960722656
room2,coverage_q25,16,2,True,359.94036044575375,16,5.022997141517486,3.701266081425505,0.15611548885691537,False,1.3571024160421694,1.9942909231334816,0.08297099173069,29.825639724731445,0.4444444444444444,0.7737056144690831,0.4960257608732048,0.40592185697456634,0.8502129042151547,0.1785775081148857
room2,coverage_q75,16,0,True,359.94036044575375,16,5.513879730143398,2.7974219260079027,0.10755553734069986,False,1.9710575937366916,2.491227075848066,0.26437756419181824,25.217466354370117,0.4444444444444444,0.7737056144690831,0.8444667281222911,0.402158553210293,0.9764568240831794,0.3319301714596959
room2,coverage_q75,16,1,True,359.94036044575375,16,6.552311391061562,3.280057476887926,0.05366437183107761,False,1.997620906716033,2.218213868409249,0.25428318977355957,26.445581436157227,0.4444444444444444,0.7737056144690831,0.8444667281222911,0.40036264016002915,1.2592012714022347,0.3756662757167704
room2,coverage_q75,16,2,True,359.94036044575375,16,6.185214473676542,2.9916632319771708,0.05059619670509447,False,2.0674835347656337,2.076667486312032,0.3786521553993225,27.042978286743164,0.4444444444444444,0.7737056144690831,1.0365586408494414,0.3961438089164512,1.132054851839545,0.31610956795704737
room2,spread_high,16,0,True,359.94036044575375,16,5.36187524134176,3.200804254791824,0.05764868591173787,False,1.6751649943337412,2.1562176696394704,0.2884502708911896,22.222261428833008,0.4444444444444444,0.7737056144690831,0.5158587256554346,0.40590916274619104,0.8387631566272717,0.2130372196160103
room2,spread_high,16,1,True,359.94036044575375,16,3.574235134568164,3.366526062112843,0.2247203874524382,False,1.061698340848418,2.039163733863736,0.5165625810623169,25.890941619873047,0.4444444444444444,0.7737056144690831,0.4665305949562617,0.4056389307780686,0.8899093434003127,0.2055595485450742
room2,spread_high,16,2,True,359.94036044575375,16,5.587078982801462,3.0853531102664373,0.0568182300464212,False,1.8108394025340546,2.2235205125147575,0.217826709151268,21.661714553833008,0.4444444444444444,0.7737056144690831,0.5158587256554346,0.4058811700157719,0.7758012961256964,0.2058972822495834
room2,spread_low,16,0,True,359.94036044575375,16,4.6417068458317114,2.39749860411796,0.24211973752612398,False,1.9360623767868246,1.6758537973483354,0.09981585294008255,24.047880172729492,0.4444444444444444,0.7737056144690831,0.5947532038260945,0.40568723162524073,1.0763037586824455,0.05187330522782725
room2,spread_low,16,1,True,359.94036044575375,16,4.303694248719392,2.9549381262223617,0.18379645322847374,False,1.4564414092220945,1.8462022153823074,0.13519418239593506,27.352256774902344,0.4444444444444444,0.7737056144690831,0.5290614087557772,0.4057232265249323,1.2212120445669519,0.05565119600785064
room2,spread_low,16,2,True,359.94036044575375,16,5.717246705843355,2.657559280620368,0.11232691962969582,False,2.1513148352080216,1.602352952835004,0.2800969183444977,35.61203384399414,0.4444444444444444,0.7737056144690831,0.46448623919786636,0.40581475284286755,1.255023276409807,0.06148309567211056
room2,clustered_high,16,0,True,359.94036044575375,16,3.4088319457609657,3.098804159135904,0.2359246512627444,False,1.1000475572846502,1.7811297210499648,0.6825100183486938,27.741531372070312,0.3611111111111111,0.7011707131126066,2.301692198261608,0.35831627981330044,0.39841617051144873,0.3079081880155564
room2,clustered_high,16,1,True,359.94036044575375,16,4.530738176837967,2.019603773614651,0.3099491263132979,False,2.2433797341985215,2.280868879359029,0.7709355354309082,11.174968719482422,0.3333333333333333,0.6769924126604476,3.4393421197074128,0.30098801723985225,0.4313206598086906,0.16020578708781968
room2,clustered_high,16,2,True,359.94036044575375,16,3.3247634976855767,3.0989125797423225,0.24290086992333035,False,1.0728806999654161,1.799484567301577,0.7136021256446838,27.339445114135742,0.3611111111111111,0.7011707131126066,2.298601742045663,0.35703295540423396,0.3986222009258451,0.29614893168326856
room2,clustered_low,16,0,True,359.94036044575375,16,2.6860367124414744,1.1694080042878694,0.5952328223508483,True,2.2969200677544372,1.4299604045277061,0.40580081939697266,23.717124938964844,0.3611111111111111,0.7011707131126066,3.373960319061055,0.2858181098484755,0.28333492949066463,0.04652809271212534
room2,clustered_low,16,1,True,359.94036044575375,16,3.185546294849242,1.3986936528572178,0.5181278610539793,False,2.277515371819901,2.774694070727815,0.54252690076828,18.43783950805664,0.19444444444444445,0.4942115276071623,4.377994655522887,0.21071665637815834,0.2267765680785188,0.05565629544177527
room2,clustered_low,16,2,True,359.94036044575375,16,2.4873197148089226,1.2836910302919247,0.594041178069542,False,1.9376311402933775,1.388854111260102,0.461440771818161,30.038158416748047,0.3888888888888889,0.7253490135647654,2.974320909776707,0.3157795138726093,0.30997755677628785,0.05041811176172185
room2,uniform,24,0,True,359.94036044575375,24,5.463009887914838,3.7854219770118753,0.13256382779036013,False,1.4431706481049207,2.256172345784112,0.11006204038858414,24.443740844726562,0.4722222222222222,0.7618528072345416,0.674176834522263,0.3886297667018571,1.6069714797510142,0.18282218820104434
room2,uniform,24,1,True,359.94036044575375,24,5.463009887914838,3.7854219770118753,0.13256382779036013,False,1.4431706481049207,2.256172345784112,0.11006204038858414,24.443740844726562,0.4722222222222222,0.7618528072345416,0.674176834522263,0.3886297667018571,1.6069714797510142,0.18282218820104434
room2,uniform,24,2,True,359.94036044575375,24,5.463009887914838,3.7854219770118753,0.13256382779036013,False,1.4431706481049207,2.256172345784112,0.11006204038858414,24.443740844726562,0.4722222222222222,0.7618528072345416,0.674176834522263,0.3886297667018571,1.6069714797510142,0.18282218820104434
room2,random,24,0,True,359.94036044575375,24,5.233696889915609,3.328586917990954,0.08079898467765442,False,1.5723479719359494,1.86382228872497,0.23590689897537231,29.46600914001465,0.4444444444444444,0.7518179058780651,0.9201186113811826,0.39181151763381744,1.108068950352814,0.16419652666624787
room2,random,24,1,True,359.94036044575375,24,5.704949887591953,3.1916803401304086,0.030525660216147724,False,1.7874440042948834,1.9824430747315236,0.27225789427757263,28.65498924255371,0.4444444444444444,0.7518179058780651,0.9956336079026231,0.39216665861803,1.128195445120084,0.15631264978703932
room2,random,24,2,True,359.94036044575375,24,5.226186316920877,3.264067817747481,0.07141899975241332,False,1.6011267561614102,1.78012148910278,0.3962894082069397,27.863914489746094,0.4444444444444444,0.7518179058780651,0.7850382587943221,0.3871894211545508,1.241556125126718,0.17148836171534323
room2,sharpness,24,0,True,359.94036044575375,24,5.436574575545525,2.4988280175993536,0.1602878126478818,False,2.1756497595094566,3.3249280216041015,0.46384933590888977,19.564592361450195,0.4166666666666667,0.7066073816048902,1.8862908460409118,0.37048076014719167,0.44366149792233317,0.5008909277453281
room2,sharpness,24,1,True,359.94036044575375,24,5.436574575545525,2.4988280175993536,0.1602878126478818,False,2.1756497595094566,3.3249280216041015,0.46384933590888977,19.564592361450195,0.4166666666666667,0.7066073816048902,1.8862908460409118,0.37048076014719167,0.44366149792233317,0.5008909277453281
room2,sharpness,24,2,True,359.94036044575375,24,5.436574575545525,2.4988280175993536,0.1602878126478818,False,2.1756497595094566,3.3249280216041015,0.46384933590888977,19.564592361450195,0.4166666666666667,0.7066073816048902,1.8862908460409118,0.37048076014719167,0.44366149792233317,0.5008909277453281
room2,coverage,24,0,True,359.94036044575375,24,5.37207490075498,3.1765497423676163,0.06056130772117197,False,1.6911666230515083,1.9547894250371627,0.11267649382352829,20.94945526123047,0.6666666666666666,0.8868528072345415,0.40363156584333026,0.39615527908020265,1.2433686272804243,0.10656867274859022
room2,coverage,24,1,True,359.94036044575375,24,6.631095422141392,2.9552224062319667,0.09333646927195688,False,2.2438566410967082,1.9102901045117857,0.21346931159496307,27.391464233398438,0.6666666666666666,0.8868528072345415,0.43580030664250735,0.39621525658445117,1.2593298376497426,0.24854430449826315
room2,coverage,24,2,True,359.94036044575375,24,5.05324063054932,3.3604552297950336,0.10075150231519348,False,1.503736929968722,2.208449131485152,0.18943674862384796,25.129560470581055,0.6666666666666666,0.8868528072345415,0.4167707604036215,0.39561945401185544,1.1732208840067582,0.1924800234829809
room2,coverage_fps,24,0,True,359.94036044575375,24,6.130118551450103,2.9243946294501635,0.05644426411679482,False,2.096200864861618,1.9080664166883574,0.2335631400346756,25.18133544921875,0.6666666666666666,0.8868528072345415,0.40416318600881596,0.3962213756959617,1.2114859608211421,0.18845777086304794
room2,coverage_fps,24,1,True,359.94036044575375,24,5.661569871122021,3.0886980835160838,0.050103192812162356,False,1.832995559306028,1.9061360687672904,0.3211973011493683,31.99961280822754,0.6666666666666666,0.8868528072345415,0.4131842204147178,0.3927127187273192,1.3274189590583485,0.12597810072053964
room2,coverage_fps,24,2,True,359.94036044575375,24,4.35634595526682,3.9492714232082604,0.250026513541829,False,1.1030758558822642,1.9858681492798889,0.19840107858181,30.727113723754883,0.6666666666666666,0.8868528072345415,0.42281178908168027,0.3965557203926175,1.0470781020364581,0.159286740605988
room2,coverage_q25,24,0,True,359.94036044575375,24,6.55993385752526,2.8561086431145095,0.10278626406692401,False,2.2968082370885683,1.8691024443596025,0.22363710403442383,27.31545066833496,0.6666666666666666,0.8868528072345415,0.43580030664250735,0.39633358356103515,1.261036165849168,0.25000611668151623
room2,coverage_q25,24,1,True,359.94036044575375,24,4.885177177096131,3.046301779333517,0.12125978117033898,False,1.6036419012186414,2.1895685436272734,0.2047642022371292,25.517974853515625,0.6666666666666666,0.8868528072345415,0.43580030664250735,0.3970512249932463,1.0263586543034107,0.21296565903508427
room2,coverage_q25,24,2,True,359.94036044575375,24,5.750625439104968,2.572777167767343,0.12269723308197147,False,2.235182086949008,2.1539790917500286,0.13248780369758606,28.6474552154541,0.6666666666666666,0.8868528072345415,0.4533118810562957,0.3964879708622537,1.0715350097383876,0.22193556424815722
room2,coverage_q75,24,0,True,359.94036044575375,24,4.953095094166907,2.7906022508220905,0.1552605557154092,False,1.7749197660496987,2.209138867280911,0.31662383675575256,26.09293556213379,0.6666666666666666,0.8868528072345415,0.8444667281222911,0.393181205013856,0.7903872894476516,0.3702434826723477
room2,coverage_q75,24,1,True,359.94036044575375,24,6.609120855314383,3.0869422052359337,0.07108327492406864,False,2.1409927416536294,2.499958186743353,0.3214152753353119,25.161569595336914,0.6666666666666666,0.8868528072345415,0.8444667281222911,0.3910525031805125,0.8337250708949707,0.38032012417152855
room2,coverage_q75,24,2,True,359.94036044575375,24,5.802737149855183,3.004767110980133,0.05137539302979793,False,1.9311770049168213,2.227803070165632,0.37646350264549255,26.34662437438965,0.6666666666666666,0.8868528072345415,0.8444667281222911,0.39113078504311294,0.8161219148373304,0.3477590384950282
room2,spread_high,24,0,True,359.94036044575375,24,5.832870873939683,3.05393843840419,0.041243979383414994,False,1.9099503777121327,2.195501783752479,0.27492281794548035,25.104530334472656,0.6666666666666666,0.8868528072345415,0.44685584697679825,0.3964169794222418,0.9581941076541535,0.26289656354964713
room2,spread_high,24,1,True,359.94036044575375,24,5.291042748415477,3.2469244703032407,0.063365719660282,False,1.6295552288967565,2.314240820733902,0.23841774463653564,25.363197326660156,0.6666666666666666,0.8868528072345415,0.4616935813490599,0.3960627171645752,0.8454565649801945,0.2428479835334393
room2,spread_high,24,2,True,359.94036044575375,24,5.62728723050551,3.122595667501334,0.04769854091335357,False,1.8021184391792875,2.2182329946107533,0.2884162366390228,25.0819091796875,0.6666666666666666,0.8868528072345415,0.4616935813490599,0.396536004588204,0.9203897537559781,0.2504414505380124
room2,spread_low,24,0,True,359.94036044575375,24,4.704655952721194,2.804009762869613,0.17384731394511227,False,1.6778315165017355,1.856529954420059,0.16524580121040344,27.77121925354004,0.6666666666666666,0.8868528072345415,0.43875690133586254,0.39687645216468426,0.9230790328027922,0.05570323777147392
room2,spread_low,24,1,True,359.94036044575375,24,4.932776996692439,2.750851717604258,0.1631146330748948,False,1.793181713548864,1.8094347551738537,0.19184920191764832,26.859037399291992,0.6666666666666666,0.8868528072345415,0.4018923969285395,0.39698542959211836,1.0617232598382562,0.05218461985970935
room2,spread_low,24,2,True,359.94036044575375,24,5.393081410468995,3.377598182027809,0.07514095993562381,False,1.5967208412076863,1.7718856300319905,0.36110690236091614,30.684064865112305,0.6666666666666666,0.8868528072345415,0.43875690133586254,0.3971593248880259,1.014608722530065,0.060005187772526614
room2,clustered_high,24,0,True,359.94036044575375,24,3.5717576895801613,2.923746379471095,0.24951761674641867,False,1.221637319385511,1.9438634181726422,0.7165052890777588,21.943092346191406,0.5,0.784055639814277,0.9113536183202635,0.3901909854012301,0.3393448068851546,0.2923583030072467
room2,clustered_high,24,1,True,359.94036044575375,24,4.433401775772745,2.11817121004506,0.30276133896205204,False,2.093032779762139,2.2423965413519413,0.7313421368598938,15.942512512207031,0.5,0.784055639814277,2.6529281386458896,0.3229906884181852,0.4491627182241208,0.1562770370765661
room2,clustered_high,24,2,True,359.94036044575375,24,3.532483893888541,2.920399476625062,0.25330350430783827,False,1.2095892778240154,1.9394987479300738,0.6743567585945129,21.70798683166504,0.4722222222222222,0.767936772846171,1.276703919874219,0.38389016595359843,0.3358273985560593,0.2900392251640895
room2,clustered_low,24,0,True,359.94036044575375,24,2.8518470178861364,1.4037981804978164,0.5450942904773768,False,2.0315220930652664,1.6335313379144578,0.3439384698867798,31.987228393554688,0.5,0.784055639814277,1.9429247422090756,0.3620747233659371,0.3827154096678852,0.04963581823276852
room2,clustered_low,24,1,True,359.94036044575375,24,3.1673553934785863,1.5948549177851756,0.4892230389188855,False,1.9859834008457589,2.390777739608801,0.5165887475013733,20.496248245239258,0.3333333333333333,0.6360479481208374,3.5865241845303824,0.2600311850243116,0.21972405898913533,0.05844981581210762
room2,clustered_low,24,2,True,359.94036044575375,24,3.1786131985998862,1.7572739460450442,0.4631008787074931,False,1.80883191590801,1.4846611074918972,0.4387436509132385,32.746883392333984,0.5,0.7901396054259063,1.9429247422090756,0.3631301081200023,0.39356682612385346,0.05260766553260574
room2,uniform,32,0,True,359.94036044575375,32,6.662036274753787,3.348828884971729,0.07345569474452035,False,1.9893629993011808,1.8458946678009758,0.2068937122821808,27.110925674438477,0.5,0.7766688162777184,1.1844929120793042,0.38068885274834563,1.2054253555394792,0.1424314900939526
room2,uniform,32,1,True,359.94036044575375,32,6.662036274753787,3.348828884971729,0.07345569474452035,False,1.9893629993011808,1.8458946678009758,0.2068937122821808,27.110925674438477,0.5,0.7766688162777184,1.1844929120793042,0.38068885274834563,1.2054253555394792,0.1424314900939526
room2,uniform,32,2,True,359.94036044575375,32,6.662036274753787,3.348828884971729,0.07345569474452035,False,1.9893629993011808,1.8458946678009758,0.2068937122821808,27.110925674438477,0.5,0.7766688162777184,1.1844929120793042,0.38068885274834563,1.2054253555394792,0.1424314900939526
room2,random,32,0,True,359.94036044575375,32,5.446958109936148,3.554016044943365,0.09801581007577206,False,1.532620573755161,1.9168956119003737,0.21598534286022186,29.597105026245117,0.5833333333333334,0.8129362669559568,0.6511651818233748,0.3850640799771257,1.1139070485126341,0.15216383113960422
room2,random,32,1,True,359.94036044575375,32,6.706705640240619,3.24660656640815,0.06132017829560724,False,2.0657586631017364,1.8635394307171673,0.20753975212574005,28.670257568359375,0.5833333333333334,0.8099730651473213,0.8488012368887867,0.3840697574057885,0.997415243444376,0.11349313083111537
room2,random,32,2,True,359.94036044575375,32,5.518536241313742,3.290141487836329,0.0511437223911846,False,1.6772945059401856,1.7117065278416228,0.3722914457321167,30.32990264892578,0.5555555555555556,0.7841949922950759,1.0254629135929827,0.3627817800715497,0.9910598344638328,0.15010134419043408
room2,sharpness,32,0,True,359.94036044575375,32,5.550787314108932,2.508747327208978,0.14924915155858748,False,2.212573284645717,2.8049017556293037,0.41852039098739624,22.160253524780273,0.5,0.7548500732989168,1.8522526787036115,0.3609425306922842,0.5421985753034257,0.4490798143829403
room2,sharpness,32,1,True,359.94036044575375,32,5.550787314108932,2.508747327208978,0.14924915155858748,False,2.212573284645717,2.8049017556293037,0.41852039098739624,22.160253524780273,0.5,0.7548500732989168,1.8522526787036115,0.3609425306922842,0.5421985753034257,0.4490798143829403
room2,sharpness,32,2,True,359.94036044575375,32,5.550787314108932,2.508747327208978,0.14924915155858748,False,2.212573284645717,2.8049017556293037,0.41852039098739624,22.160253524780273,0.5,0.7548500732989168,1.8522526787036115,0.3609425306922842,0.5421985753034257,0.4490798143829403
room2,coverage,32,0,True,359.94036044575375,32,4.236324626960776,3.409918652483313,0.17637479585932464,False,1.2423535745861924,2.0978893438838493,0.08401187509298325,24.081966400146484,0.8888888888888888,0.967132018086354,0.3380098657558843,0.39385239186977816,0.9866296708125357,0.12434278149253264
room2,coverage,32,1,True,359.94036044575375,32,6.455045018980818,3.047963437953823,0.06431113879387247,False,2.1178223264102725,1.9094015313476451,0.24707522988319397,27.104572296142578,0.8888888888888888,0.967132018086354,0.26327960106576764,0.3939294036866242,1.0885248274593267,0.2176738647378483
room2,coverage,32,2,True,359.94036044575375,32,5.282823672473632,3.193032497954132,0.06542953700912402,False,1.654484780802729,2.301357255317695,0.20712092518806458,25.584943771362305,0.8888888888888888,0.967132018086354,0.25263615567892916,0.3939255381170936,0.9700697061713262,0.20879367203798416
room2,coverage_fps,32,0,True,359.94036044575375,32,6.003331264322691,3.031623338983156,0.030524961452480712,False,1.9802365244807367,2.032316913173681,0.2425452172756195,26.515451431274414,0.8611111111111112,0.9550428678602743,0.25263615567892916,0.39392684545674556,1.0253705480810809,0.2063593742581683
room2,coverage_fps,32,1,True,359.94036044575375,32,5.619651846848252,2.983057213155452,0.0699713743326274,False,1.883856542229652,2.016822235378763,0.26331689953804016,28.8231201171875,0.8888888888888888,0.967132018086354,0.27494289039657804,0.39386365495792713,1.0808406627912752,0.1522343483044749
room2,coverage_fps,32,2,True,359.94036044575375,32,4.533229751851414,2.940635376635634,0.16692096965901235,False,1.5415817234157945,1.9864814511038058,0.13354051113128662,31.196746826171875,0.8888888888888888,0.967132018086354,0.24602781329379386,0.39391975555588393,0.927442687448497,0.15413666699672812
room2,coverage_q25,32,0,True,359.94036044575375,32,6.291557340406292,3.0489383261584817,0.050560638429085314,False,2.0635239769947584,2.122759077391291,0.25068774819374084,28.62395477294922,0.8888888888888888,0.967132018086354,0.3475178125302252,0.3937549406719774,1.0282406425945811,0.2224995767481655
room2,coverage_q25,32,1,True,359.94036044575375,32,5.329890805093216,3.107918905956899,0.07471261520662092,False,1.7149388276758117,2.1085964197301927,0.2192039042711258,26.423202514648438,0.8888888888888888,0.967132018086354,0.336549657633582,0.39256303241537827,0.9580843431045096,0.21052785245721425
room2,coverage_q25,32,2,True,359.94036044575375,32,5.392472287562847,3.206391141458642,0.054237206969425966,False,1.681788668212737,1.8827417814509892,0.227890744805336,28.25043487548828,0.8888888888888888,0.967132018086354,0.3055442179552461,0.39305370910293,0.9277311918107939,0.2330551978322496
room2,coverage_q75,32,0,True,359.94036044575375,32,6.079790772461298,3.0450264227334856,0.03355195149487073,False,1.9966298903257262,2.398465953191117,0.3088673949241638,25.408021926879883,0.6944444444444444,0.8825079665037979,0.8444667281222911,0.3869276859346758,0.6643993900254282,0.35853007605018494
room2,coverage_q75,32,1,True,359.94036044575375,32,6.385370024804745,2.9683923586743397,0.07085418000236046,False,2.1511206246523287,2.5537131365312065,0.33297914266586304,26.079261779785156,0.6944444444444444,0.8825079665037979,0.8444667281222911,0.3861822495973772,0.618570213889817,0.3888496657474609
room2,coverage_q75,32,2,True,359.94036044575375,32,6.376545492834818,3.036591841570108,0.05954469570628418,False,2.0999020696629898,2.39507437876801,0.3636663854122162,25.698314666748047,0.6944444444444444,0.882507966503798,0.8444667281222911,0.38667478278640965,0.6487694470698757,0.3546569090690914
room2,spread_high,32,0,True,359.94036044575375,32,5.775242079234787,3.2841636856325525,0.028863311305652298,False,1.7585122521450802,2.0368742501598662,0.27717137336730957,25.893009185791016,0.8888888888888888,0.967132018086354,0.3286080024668565,0.39266930841642556,0.7236881330026865,0.26301283428562355
room2,spread_high,32,1,True,359.94036044575375,32,5.2173524812245065,3.092786871434638,0.0864203117640921,False,1.6869421328099323,2.1470606490286315,0.24788600206375122,24.935548782348633,0.8888888888888888,0.967132018086354,0.3286080024668565,0.3937016610588736,0.8163160077879199,0.24660578496320146
room2,spread_high,32,2,True,359.94036044575375,32,5.655626268511449,3.2679102872950816,0.036292910693187866,False,1.730655303023245,1.9931389736270084,0.2348828911781311,26.01551055908203,0.8888888888888888,0.967132018086354,0.3286080024668565,0.3926323163376544,0.7745534922023443,0.2539649848945187
room2,spread_low,32,0,True,359.94036044575375,32,4.723107540536103,3.187033579434299,0.11291840280888571,False,1.4819760830303075,1.966822108993112,0.1997072696685791,26.777935028076172,0.8888888888888888,0.967132018086354,0.43875690133586254,0.3923569692691701,0.7593102597515166,0.05598313216234127
room2,spread_low,32,1,True,359.94036044575375,32,4.7958882271482635,2.685740532533997,0.18459794130524296,False,1.7856856122372111,1.8800411731291788,0.14312653243541718,27.049850463867188,0.8888888888888888,0.967132018086354,0.3908478985867845,0.39259974538096687,0.8456907828531756,0.053327835016571144
room2,spread_low,32,2,True,359.94036044575375,32,5.749165618819477,2.8427420113741446,0.0809562334159294,False,2.022401468658215,1.6854050789469435,0.2209683656692505,31.191762924194336,0.8888888888888888,0.967132018086354,0.43875690133586254,0.3927022584328085,0.7976100152911535,0.059870300219389
room2,clustered_high,32,0,True,359.94036044575375,32,3.1401679037921397,2.659849172390498,0.32633991761066383,False,1.1805811909890978,1.951742906864657,0.6791808009147644,18.675487518310547,0.5833333333333334,0.820462442973314,0.851898943853997,0.3756257954914156,0.33004033333527216,0.26878951018222114
room2,clustered_high,32,1,True,359.94036044575375,32,3.765000354829006,2.9039106342901233,0.23651904612181063,False,1.2965276239464514,2.131891333812474,0.5887289047241211,21.139026641845703,0.6666666666666666,0.8612928678602746,1.0832576412730734,0.36914418116143277,0.4160913016905342,0.1623689369953595
room2,clustered_high,32,2,True,359.94036044575375,32,3.1106472155758396,2.868511624083703,0.29643902452329546,False,1.0844115775788368,1.9657902218739625,0.6616876721382141,19.20655632019043,0.5833333333333334,0.820462442973314,0.9113536183202635,0.37682247318529644,0.38136947160541745,0.26243291984433537
room2,clustered_low,32,0,True,359.94036044575375,32,3.2424698305830795,1.6879895299300842,0.4685327922327152,False,1.9209063641036808,1.641747416045034,0.4310937523841858,30.384986877441406,0.5833333333333334,0.820462442973314,1.7237014474846144,0.3461304931021537,0.3382798559543102,0.05209824059599328
room2,clustered_low,32,1,True,359.94036044575375,32,3.496377038893249,1.9301390544349497,0.4098629191213989,False,1.8114638066410282,2.287218014622634,0.46520084142684937,22.890575408935547,0.4722222222222222,0.7237492411646789,2.828993693950294,0.28158679390839925,0.22162060742767162,0.059715109460500716
room2,clustered_low,32,2,True,359.94036044575375,32,2.9324611696584015,1.7410614863088938,0.48609044644228055,False,1.684295007797406,1.6379996531091237,0.44181784987449646,30.34528923034668,0.6111111111111112,0.8371145674081155,1.4498705992959198,0.3529557475355175,0.3391733621643746,0.05327778188003038
room2,uniform,48,0,True,359.94036044575375,48,6.488959352795306,3.386239777384834,0.06485987469779973,False,1.9162728511229874,1.9540223595538124,0.18027259409427643,27.379257202148438,0.6666666666666666,0.8390027297124043,0.5761232107613088,0.37959256454386964,0.8964318182561758,0.159329890771452
room2,uniform,48,1,True,359.94036044575375,48,6.488959352795306,3.386239777384834,0.06485987469779973,False,1.9162728511229874,1.9540223595538124,0.18027259409427643,27.379257202148438,0.6666666666666666,0.8390027297124043,0.5761232107613088,0.37959256454386964,0.8964318182561758,0.159329890771452
room2,uniform,48,2,True,359.94036044575375,48,6.488959352795306,3.386239777384834,0.06485987469779973,False,1.9162728511229874,1.9540223595538124,0.18027259409427643,27.379257202148438,0.6666666666666666,0.8390027297124043,0.5761232107613088,0.37959256454386964,0.8964318182561758,0.159329890771452
room2,random,48,0,True,359.94036044575375,48,5.958806149354968,3.431922961890829,0.03650645132139289,False,1.7362878524732226,2.063268595526558,0.22198402881622314,26.753173828125,0.8055555555555556,0.8853838627442986,0.4883077398478024,0.38245567933328783,0.744741919624376,0.13733489864847992
room2,random,48,1,True,359.94036044575375,48,4.871899363674201,2.7525304540405786,0.1679182767733688,False,1.7699711029618195,2.0884307050549022,0.11032376438379288,22.06761360168457,0.6666666666666666,0.8309432962283514,0.6605243058722197,0.3585618446099552,0.6929955093298904,0.15980094581236395
room2,random,48,2,True,359.94036044575375,48,5.002679986923096,3.536835396563719,0.13230787548296064,False,1.414450893525762,1.9915044966068955,0.39262017607688904,28.04991340637207,0.6666666666666666,0.8216487284242835,0.6061094770729527,0.3404339962384571,0.769360166998958,0.15635605043912212
room2,sharpness,48,0,True,359.94036044575375,48,6.229706922921068,2.8338764898233375,0.07876458945248214,False,2.198298671551993,2.532811972982122,0.3382246792316437,25.600570678710938,0.6666666666666666,0.8405757680279758,0.8444667281222911,0.3710662352291239,0.4398653376648806,0.3726283199070001
room2,sharpness,48,1,True,359.94036044575375,48,6.229706922921068,2.8338764898233375,0.07876458945248214,False,2.198298671551993,2.532811972982122,0.3382246792316437,25.600570678710938,0.6666666666666666,0.8405757680279758,0.8444667281222911,0.3710662352291239,0.4398653376648806,0.3726283199070001
room2,sharpness,48,2,True,359.94036044575375,48,6.229706922921068,2.8338764898233375,0.07876458945248214,False,2.198298671551993,2.532811972982122,0.3382246792316437,25.600570678710938,0.6666666666666666,0.8405757680279758,0.8444667281222911,0.3710662352291239,0.4398653376648806,0.3726283199070001
room2,coverage,48,0,True,359.94036044575375,48,4.8970928109781,3.503890704097781,0.13598228062938977,False,1.397615743336679,1.9178616487932456,0.10603266954421997,24.729135513305664,1.0,0.9835660090431771,0.20987248905265998,0.3892668381346608,0.6920823302328414,0.1142877329647337
room2,coverage,48,1,True,359.94036044575375,48,6.112729883413361,2.9835995159179562,0.04581715100713873,False,2.048776938996343,2.0192297482824926,0.25042590498924255,27.636695861816406,1.0,0.9835660090431771,0.20238363686282312,0.38893485170081243,0.7607990704178724,0.18179105971293297
room2,coverage,48,2,True,359.94036044575375,48,5.55732258079527,2.7282689634486017,0.1146651380094609,False,2.0369408790879153,1.9567587986159978,0.1140064150094986,24.00588035583496,1.0,0.9835660090431771,0.19803758984722108,0.38903043475186555,0.7604403086208662,0.16810802348835371
room2,coverage_fps,48,0,True,359.94036044575375,48,5.637772469098688,3.03786609721642,0.05996504691030362,False,1.8558331041202072,2.0303890099790087,0.2643659710884094,27.264297485351562,0.9444444444444444,0.9674471420750712,0.22737921022092955,0.38791188806819515,0.752469506907652,0.1749982995068414
room2,coverage_fps,48,1,True,359.94036044575375,48,5.442755217153511,3.3405806948185113,0.06526880187569378,False,1.6292841617613454,2.154964189280124,0.22848188877105713,26.828947067260742,1.0,0.9835660090431771,0.2134633155992307,0.3894081442791755,0.7825824482985502,0.16294177273448007
room2,coverage_fps,48,2,True,359.94036044575375,48,6.163062182939188,3.2031290843860982,0.015962298737925547,False,1.9240754963580813,2.0032009468003618,0.19049012660980225,28.480911254882812,0.9722222222222222,0.9755065755591242,0.22737921022092955,0.3884405037418942,0.835374148136014,0.15018258042523794
room2,coverage_q25,48,0,True,359.94036044575375,48,6.192895624491735,3.0243587642462764,0.04616516168531731,False,2.0476722860077463,2.0605800985622955,0.29596850275993347,27.977920532226562,0.9722222222222222,0.9755065755591242,0.3475178125302252,0.3861194306651709,0.7324688976243504,0.1991441017334211
room2,coverage_q25,48,1,True,359.94036044575375,48,4.797768038645927,3.138369782331651,0.11425406108614339,False,1.5287452949796843,1.9994570408537278,0.18986573815345764,27.878751754760742,0.9722222222222222,0.9755065755591241,0.2891772763316034,0.38787663118061777,0.6943584849702663,0.19879800086843727
room2,coverage_q25,48,2,True,359.94036044575375,48,5.775336303572849,3.2218451565962187,0.019993191558685005,False,1.792555514888343,1.9985461421997908,0.17053474485874176,27.155370712280273,0.9722222222222222,0.9755065755591242,0.2891772763316034,0.38782508850659264,0.7479475131898304,0.20557767409023853
room2,coverage_q75,48,0,True,359.94036044575375,48,6.01978592261199,2.948589678373278,0.04351467547791673,False,2.0415814267969203,2.6334434866371463,0.3347356915473938,25.387609481811523,0.6944444444444444,0.8551215966805102,0.8444667281222911,0.37488897155894735,0.4398653376648806,0.365190094624563
room2,coverage_q75,48,1,True,359.94036044575375,48,6.036686813696336,2.9444937160953693,0.04555568076912747,False,2.050161214710099,2.5675777771961665,0.3322179615497589,25.470909118652344,0.6944444444444444,0.8551215966805102,0.8444667281222911,0.37488927246186776,0.4398653376648806,0.36509319383072825
room2,coverage_q75,48,2,True,359.94036044575375,48,6.003342890632912,2.9383428626514707,0.044988646407251004,False,2.0431049646860067,2.6096359141981367,0.3344322144985199,25.468759536743164,0.6944444444444444,0.8551215966805102,0.8444667281222911,0.37487624525443264,0.4398653376648806,0.3684159916385503
room2,spread_high,48,0,True,359.94036044575375,48,5.895044786102126,3.0775892647447565,0.03240474795259985,False,1.9154748340308623,2.1575875407498413,0.2853049337863922,25.917688369750977,0.9444444444444444,0.9674471420750712,0.2975589766243676,0.3891837325124289,0.6261059940680896,0.25785616114914617
room2,spread_high,48,1,True,359.94036044575375,48,5.419500456199304,3.1116352670554077,0.06668237044985917,False,1.7416888520253428,2.2300561386855007,0.2606797516345978,25.805227279663086,0.9444444444444444,0.9674471420750712,0.2975589766243676,0.38905578354206055,0.7394103796388724,0.24655301161481638
room2,spread_high,48,2,True,359.94036044575375,48,5.995399666285882,2.983853498095419,0.03859222156930978,False,2.009280841071025,2.0524830128850757,0.2671721875667572,26.0272216796875,0.9444444444444444,0.9644051592692565,0.2975589766243676,0.38835221327034225,0.6355925591197651,0.23919217453033412
room2,spread_low,48,0,True,359.94036044575375,48,4.333788844782198,2.856607213790344,0.1965409110206383,False,1.5171105162308358,1.943918535090881,0.23739247024059296,24.42435646057129,0.9166666666666666,0.9593877085910183,0.3908478985867845,0.38269989194929654,0.5807627826640503,0.053183357927318396
room2,spread_low,48,1,True,359.94036044575375,48,5.5688636557532565,2.998154900876126,0.07185492592159418,False,1.8574302662367155,2.0212228218443955,0.23102512955665588,25.559572219848633,0.9166666666666666,0.9593877085910183,0.3908478985867845,0.3837881753908493,0.6660308457730998,0.05335709927641067
room2,spread_low,48,2,True,359.94036044575375,48,5.2458743673907335,2.8776454428018576,0.1174089583369689,False,1.8229745365304693,1.8886398485210711,0.28624045848846436,28.78873634338379,0.9166666666666666,0.9593877085910183,0.3908478985867845,0.3834404164514956,0.6196390249077143,0.05650732892546482
room2,clustered_high,48,0,True,359.94036044575375,48,4.110322527688628,3.139370515014289,0.17128237758574613,False,1.3092823889473013,1.9388551608964035,0.5931417942047119,22.659650802612305,0.7222222222222222,0.8549529772938866,0.5583858705934555,0.3635232383706748,0.4487479713117389,0.23191610388993641
room2,clustered_high,48,1,True,359.94036044575375,48,3.5400097227469267,3.1679832073577194,0.21428560995583704,False,1.1174332346601985,1.8597492942250298,0.6524052619934082,24.403564453125,0.8055555555555556,0.890803742979389,0.4665305949562617,0.3763239306490847,0.3641692269092515,0.17823399616601954
room2,clustered_high,48,2,True,359.94036044575375,48,3.7905341833171695,3.084893322285966,0.2063307725651712,False,1.2287407658259994,1.9155498908012714,0.5470313429832458,22.869211196899414,0.7222222222222222,0.8585660090431769,0.5583858705934555,0.3669256634988542,0.4510860719270739,0.22740987914987368
room2,clustered_low,48,0,True,359.94036044575375,48,3.391549774531988,1.9755909527020339,0.4115346675692311,False,1.716726719108191,1.833432508074859,0.2504136264324188,35.6651496887207,0.6944444444444444,0.8524820434315478,0.9926184780354568,0.33535282116759424,0.30202851570766764,0.05233526663181729
room2,clustered_low,48,1,True,359.94036044575375,48,2.7374621487515576,2.5254024128477264,0.38068617682290334,False,1.08397067129777,2.068774454784884,0.4789406359195709,27.1363582611084,0.6944444444444444,0.827732694035913,0.9926184780354568,0.3410216402309056,0.3169365498621206,0.06253143009982513
room2,clustered_low,48,2,True,359.94036044575375,48,3.8463958665547313,2.2761449566487837,0.3270936155797165,False,1.6898729825265,1.866428591500331,0.23163391649723053,35.29633712768555,0.6944444444444444,0.8524820434315478,0.9926184780354568,0.33505000100411453,0.3018061623333944,0.052674727061578476
test2,uniform,8,0,True,356.2278135683036,8,5.097596631710578,3.9786985430119306,0.11973937170363888,False,1.2812221324643576,2.2500836271767817,0.15155625343322754,21.180980682373047,0.19444444444444445,0.5319226099474947,2.4607790876630755,0.4021274254359021,1.4178176260816764,0.2793476194497978
test2,uniform,8,1,True,356.2278135683036,8,5.097596631710578,3.9786985430119306,0.11973937170363888,False,1.2812221324643576,2.2500836271767817,0.15155625343322754,21.180980682373047,0.19444444444444445,0.5319226099474947,2.4607790876630755,0.4021274254359021,1.4178176260816764,0.2793476194497978
test2,uniform,8,2,True,356.2278135683036,8,5.097596631710578,3.9786985430119306,0.11973937170363888,False,1.2812221324643576,2.2500836271767817,0.15155625343322754,21.180980682373047,0.19444444444444445,0.5319226099474947,2.4607790876630755,0.4021274254359021,1.4178176260816764,0.2793476194497978
test2,random,8,0,True,356.2278135683036,8,3.8185732243671437,3.702852418194481,0.1602401342964511,False,1.0312518008020122,1.9042984444869895,0.2615906000137329,27.703731536865234,0.19444444444444445,0.5319226099474947,2.40269913468172,0.34454447562171947,1.4804976261186715,0.1858298471670016
test2,random,8,1,True,356.2278135683036,8,3.567057993158073,3.396579963329464,0.14036111880575766,False,1.050191083875293,2.246974153647708,0.2165519744157791,24.722007751464844,0.2222222222222222,0.5802792108518123,2.197847691327901,0.3416961791217853,1.8940253043992012,0.13654599076976298
test2,random,8,2,True,356.2278135683036,8,4.280542455209939,2.601825872582259,0.17022585459737127,False,1.6452071217823612,2.2317633398108887,0.22583700716495514,21.750091552734375,0.19444444444444445,0.5319226099474947,1.8423850963972477,0.3990370090512922,1.7715298873475658,0.1266685782018347
test2,sharpness,8,0,True,356.2278135683036,8,3.0219758945198887,2.440906514662621,0.3238986156325706,False,1.2380547457949582,2.3944145273949835,0.5060458779335022,13.11904239654541,0.16666666666666666,0.46531411220828894,2.6378183130022066,0.3061912816830391,0.9210309374616029,0.609584949588744
test2,sharpness,8,1,True,356.2278135683036,8,3.0219758945198887,2.440906514662621,0.3238986156325706,False,1.2380547457949582,2.3944145273949835,0.5060458779335022,13.11904239654541,0.16666666666666666,0.46531411220828894,2.6378183130022066,0.3061912816830391,0.9210309374616029,0.609584949588744
test2,sharpness,8,2,True,356.2278135683036,8,3.0219758945198887,2.440906514662621,0.3238986156325706,False,1.2380547457949582,2.3944145273949835,0.5060458779335022,13.11904239654541,0.16666666666666666,0.46531411220828894,2.6378183130022066,0.3061912816830391,0.9210309374616029,0.609584949588744
test2,coverage,8,0,True,356.2278135683036,8,3.6462414243760994,3.5549242512789174,0.15587575541737028,False,1.0256875158631944,2.4357945656112796,0.1852346658706665,18.77541732788086,0.2222222222222222,0.5802792108518123,0.8578080817319602,0.4307962230638499,1.9983856555755903,0.14875994885205818
test2,coverage,8,1,True,356.2278135683036,8,4.856674774047388,2.6941070297051635,0.09746203955646646,False,1.8027029811725375,1.821412389339001,0.3405112624168396,23.761085510253906,0.2222222222222222,0.5802792108518123,0.830012173360398,0.4308388941887945,2.256720305260824,0.1556435891961493
test2,coverage,8,2,True,356.2278135683036,8,4.524953505428754,3.7289536425956618,0.09139257939463044,False,1.213464671091757,2.334708706857712,0.031376417726278305,23.134082794189453,0.2222222222222222,0.5802792108518123,0.8209608979605942,0.4308957747439914,1.4556590973992687,0.1048715256420476
test2,coverage_fps,8,0,True,356.2278135683036,8,4.18779304996734,2.1582240311846124,0.24608854134284341,False,1.9403884812035623,2.663439476926527,0.2506770193576813,20.99763298034668,0.2222222222222222,0.5802792108518123,0.8142340006634887,0.4308857352134448,1.7919788416276685,0.12608214816187882
test2,coverage_fps,8,1,True,356.2278135683036,8,5.521447811494809,3.5585150461857795,0.10058135638360122,False,1.5516156991981849,2.333074399947112,0.08571165800094604,15.545720100402832,0.2222222222222222,0.5802792108518123,0.8433083889043322,0.43079748723477546,1.3348717370642853,0.11050466142548664
test2,coverage_fps,8,2,True,356.2278135683036,8,4.515317562292392,2.9911558271790035,0.08784879499634496,False,1.5095561124780463,2.006765930309926,0.19858230650424957,24.63388442993164,0.2222222222222222,0.5802792108518123,0.818545244757694,0.43086325721475677,1.564008450416193,0.13128201326088867
test2,coverage_q25,8,0,True,356.2278135683036,8,4.3399460369315825,2.232483768498823,0.21931799301953805,False,1.9439989209193083,2.3139923825738924,0.35196301341056824,23.357921600341797,0.2222222222222222,0.5802792108518123,0.8354142869291614,0.4308729534949138,1.4536663137793937,0.1742240557468125
test2,coverage_q25,8,1,True,356.2278135683036,8,3.9847421033475,2.547925385503447,0.20874712147200952,False,1.5639163242451666,2.2723464898858845,0.22836798429489136,23.579944610595703,0.2222222222222222,0.5802792108518123,0.8354142869291614,0.4308548990171393,1.6800158192526162,0.17696176947582076
test2,coverage_q25,8,2,True,356.2278135683036,8,4.489980294422184,3.5428712963440674,0.06717844390364808,False,1.2673280847247965,2.8332612488936135,0.29857829213142395,17.145112991333008,0.2222222222222222,0.5802792108518123,0.8325055399240036,0.4307409315636868,1.9933376835049579,0.19009987183499916
test2,coverage_q75,8,0,True,356.2278135683036,8,3.3579559472313463,3.1623838896480114,0.18144848636772298,False,1.0618432373828919,2.721787588801111,0.4176403880119324,14.345466613769531,0.2222222222222222,0.5802792108518123,0.9235292251086991,0.4305778350156904,1.4414585550757775,0.3014902703321362
test2,coverage_q75,8,1,True,356.2278135683036,8,3.493100419640518,2.9486365250343853,0.19948153447045838,False,1.1846493760704477,2.6828362443643,0.3495197594165802,16.936843872070312,0.2222222222222222,0.5802792108518123,0.9235292251086991,0.43062717547687057,1.626318863701183,0.3107822500516445
test2,coverage_q75,8,2,True,356.2278135683036,8,3.1320404607085317,1.6947677966655585,0.4240975975245179,False,1.848064653382484,2.186528552400924,0.526666522026062,16.894298553466797,0.2222222222222222,0.5802792108518123,0.8976369644182061,0.43033477286389327,1.438334833784332,0.26099039462975954
test2,spread_high,8,0,True,356.2278135683036,8,5.568733338338169,3.1135479107166897,0.10809714986770233,False,1.7885491079712772,2.176528383158315,0.11543598026037216,21.903451919555664,0.2222222222222222,0.5802792108518123,0.8213052277258264,0.4307814583555244,1.424400014936511,0.2389866995917594
test2,spread_high,8,1,True,356.2278135683036,8,4.656673314662163,3.137285185867277,0.05144701732773453,False,1.484300291104987,2.3087214088328496,0.43715834617614746,18.948627471923828,0.2222222222222222,0.5802792108518123,0.8166075861318962,0.4307477370158796,1.8984434276280076,0.2143621802417378
test2,spread_high,8,2,True,356.2278135683036,8,3.3723936516257726,3.101722259376725,0.18902939406672767,False,1.087264870808722,2.587975235125371,0.329704612493515,14.291019439697266,0.2222222222222222,0.5802792108518123,0.8313752409915001,0.430810807145441,2.0046689395110895,0.2626734048224656
test2,spread_low,8,0,True,356.2278135683036,8,4.573800630619679,2.992031020599967,0.08169487121510549,False,1.5286608324343283,2.061564104004683,0.5849937200546265,20.929311752319336,0.2222222222222222,0.5802792108518123,0.8480883221142843,0.43083954385450135,1.463346201681767,0.045543255517527866
test2,spread_low,8,1,True,356.2278135683036,8,5.250841713642242,2.4632061697498067,0.17257234833338025,False,2.131710198734839,2.5453735049555353,0.047592706978321075,20.953737258911133,0.2222222222222222,0.5802792108518123,0.8062954489065248,0.4308893678530811,1.5699886936629102,0.042973683211817944
test2,spread_low,8,2,True,356.2278135683036,8,4.689842346155375,2.2510303339848714,0.18051023017690337,False,2.083420323285121,1.6866551248861255,0.2862301170825958,23.678218841552734,0.2222222222222222,0.5802792108518123,0.8579543918132222,0.4307944326670779,2.100160102632618,0.05216735896724792
test2,clustered_high,8,0,True,356.2278135683036,8,3.724595014273809,0.9224438359747162,0.47851976490219805,True,4.037747198275927,1.9868810077352879,0.6398746371269226,9.82806396484375,0.19444444444444445,0.5319226099474947,3.236725978447679,0.29370894249571455,0.7847922756027722,0.22164064744163753
test2,clustered_high,8,1,True,356.2278135683036,8,3.8163186967326417,1.6621037515954247,0.35850732889661874,False,2.2960773014737637,2.9435278265848126,0.7695850133895874,7.41052770614624,0.2222222222222222,0.5802792108518123,2.2823184499433182,0.32534090094609447,0.8859979697323637,0.18414615759034078
test2,clustered_high,8,2,True,356.2278135683036,8,3.9758038481130904,0.988365446193222,0.4427939797496141,True,4.022605063163889,2.0341176343819214,0.5527580976486206,10.90600299835205,0.19444444444444445,0.5319226099474947,3.4145421202482993,0.284408006838289,0.6313406990186309,0.2040943928513711
test2,clustered_low,8,0,True,356.2278135683036,8,3.9662933649049394,1.200833011526842,0.41201335142921536,False,3.302951640096781,2.6743421552769195,0.49249038100242615,13.463521957397461,0.19444444444444445,0.5319226099474947,3.6704033964293012,0.29347251204880814,0.373254558678612,0.06222831004958364
test2,clustered_low,8,1,True,356.2278135683036,8,3.1625082473539816,1.6632168535503682,0.4256760600216891,False,1.9014407174886228,2.082262166050586,0.5287989377975464,20.38227653503418,0.2222222222222222,0.5802792108518123,3.0019551613459496,0.3740137032800216,0.7971458015197946,0.057477832194745955
test2,clustered_low,8,2,True,356.2278135683036,8,4.278147017636653,1.741435957319507,0.29908546217175397,False,2.4566777777012025,3.084686265836558,0.15490186214447021,13.666818618774414,0.19444444444444445,0.5319226099474947,2.239342777053732,0.3291859190477779,0.6411232964809204,0.06566994554374891
test2,uniform,12,0,True,356.2278135683036,12,4.614468072429471,4.034378960347178,0.1278292087061537,False,1.143786470677106,1.9389045223163328,0.13460689783096313,24.68564796447754,0.3333333333333333,0.6934264036172709,1.1667522288402248,0.40355522510691016,1.8151054921526835,0.1273009342169571
test2,uniform,12,1,True,356.2278135683036,12,4.614468072429471,4.034378960347178,0.1278292087061537,False,1.143786470677106,1.9389045223163328,0.13460689783096313,24.68564796447754,0.3333333333333333,0.6934264036172709,1.1667522288402248,0.40355522510691016,1.8151054921526835,0.1273009342169571
test2,uniform,12,2,True,356.2278135683036,12,4.614468072429471,4.034378960347178,0.1278292087061537,False,1.143786470677106,1.9389045223163328,0.13460689783096313,24.68564796447754,0.3333333333333333,0.6934264036172709,1.1667522288402248,0.40355522510691016,1.8151054921526835,0.1273009342169571
test2,random,12,0,True,356.2278135683036,12,3.99712062181689,3.8983790678058345,0.17107949844700293,False,1.0253288744613107,1.7904101214796808,0.2475431114435196,25.143705368041992,0.2222222222222222,0.5644754678724236,2.370334057062946,0.3593581646464978,0.9854692276405477,0.10030470776773166
test2,random,12,1,True,356.2278135683036,12,4.472676121536659,3.3065512752794506,0.04509440489930622,False,1.3526710306824605,1.9674412525443006,0.24590124189853668,23.307153701782227,0.2777777777777778,0.6289509357448473,1.2937336481760875,0.3976549087334262,1.8358041154774305,0.11195145744056005
test2,random,12,2,True,356.2278135683036,12,4.84405768236682,2.8640376833093493,0.07299415046688083,False,1.6913386686901375,1.9784397598699486,0.37290826439857483,23.344118118286133,0.2777777777777778,0.6289509357448473,1.475491528921168,0.3712400859449748,1.4851500044777444,0.16070038307331114
test2,sharpness,12,0,True,356.2278135683036,12,3.199879282067039,2.2206525192003523,0.3385006015188665,False,1.4409635250900499,2.4858799439712502,0.5020830035209656,12.73059368133545,0.2777777777777778,0.6167830045215885,1.32962710181054,0.36870799074707594,1.3032908543187036,0.5388098114239529
test2,sharpness,12,1,True,356.2278135683036,12,3.199879282067039,2.2206525192003523,0.3385006015188665,False,1.4409635250900499,2.4858799439712502,0.5020830035209656,12.73059368133545,0.2777777777777778,0.6167830045215885,1.32962710181054,0.36870799074707594,1.3032908543187036,0.5388098114239529
test2,sharpness,12,2,True,356.2278135683036,12,3.199879282067039,2.2206525192003523,0.3385006015188665,False,1.4409635250900499,2.4858799439712502,0.5020830035209656,12.73059368133545,0.2777777777777778,0.6167830045215885,1.32962710181054,0.36870799074707594,1.3032908543187036,0.5388098114239529
test2,coverage,12,0,True,356.2278135683036,12,3.6829108744412027,3.556540788358625,0.15234085802776973,False,1.0355317409816347,2.237306948635064,0.33868181705474854,19.28386878967285,0.3333333333333333,0.6934264036172709,0.7702079528398107,0.4114181126902141,1.5063657189043411,0.12052390407565959
test2,coverage,12,1,True,356.2278135683036,12,4.409911605328743,3.3493006841306148,0.046489273429973665,False,1.3166663794097164,1.9016814579381176,0.37713247537612915,24.045785903930664,0.3333333333333333,0.6934264036172709,0.830012173360398,0.40915751660639454,1.977767834644606,0.1255261048170679
test2,coverage,12,2,True,356.2278135683036,12,4.1143080038156405,3.7569048460018446,0.13786265070515333,False,1.0951323423041044,2.5063527043049088,0.2533857822418213,21.246795654296875,0.3333333333333333,0.6934264036172709,0.7959800871257361,0.41067002018500415,1.2098262430793212,0.1445104071732964
test2,coverage_fps,12,0,True,356.2278135683036,12,3.963865472340721,3.174851907185184,0.11718287701787322,False,1.2485198013078582,2.3961482188646643,0.24324144423007965,22.587072372436523,0.3333333333333333,0.6934264036172709,0.7921276153596555,0.4111553577203415,1.5294978994623394,0.10136296657307547
test2,coverage_fps,12,1,True,356.2278135683036,12,4.718879992606139,3.8642240607394474,0.09164084140495099,False,1.2211714223691126,2.4289091632685085,0.15882231295108795,15.244183540344238,0.3333333333333333,0.6934264036172709,0.8076408006096454,0.4114292937562658,0.9943231845985352,0.12236034868874317
test2,coverage_fps,12,2,True,356.2278135683036,12,5.156005887808807,3.4591010136906744,0.04808433014046484,False,1.4905623939289436,1.71979446837768,0.29324570298194885,26.642911911010742,0.3333333333333333,0.6934264036172709,0.818545244757694,0.40668726149864687,1.462549018250278,0.11192493954463896
test2,coverage_q25,12,0,True,356.2278135683036,12,3.478274523231816,3.2647339134079605,0.15375752875454268,False,1.0654082738402857,2.566614453881109,0.3761679232120514,19.715585708618164,0.3333333333333333,0.6934264036172709,0.7894004976827169,0.40716537644530065,1.5042492958947158,0.21974551399847073
test2,coverage_q25,12,1,True,356.2278135683036,12,4.277670537273298,2.9002270363908407,0.12591599267818943,False,1.4749433349868375,2.4135870834991158,0.1498914211988449,23.826223373413086,0.3333333333333333,0.6934264036172709,0.7894004976827169,0.40757693548592805,1.3888825480316878,0.21177246654237628
test2,coverage_q25,12,2,True,356.2278135683036,12,4.067250058422106,3.6465200614617723,0.1262085385274808,False,1.1153784950772152,2.6091982046239286,0.4839678108692169,17.41387367248535,0.3333333333333333,0.6934264036172709,0.8000472438509396,0.4131017161750484,1.6594341152860592,0.17735117765438327
test2,coverage_q75,12,0,True,356.2278135683036,12,3.046353394465066,2.8643988262500435,0.25808348090086874,False,1.0635227771173297,2.654903155464626,0.4962133765220642,14.76128101348877,0.3333333333333333,0.6934264036172709,0.8297512734256323,0.41036392577793174,1.31599656370843,0.3003955714221141
test2,coverage_q75,12,1,True,356.2278135683036,12,2.82870755405134,2.6983831307098156,0.30531493095946927,False,1.0482972272759659,2.5916331297622737,0.42424559593200684,16.225811004638672,0.3333333333333333,0.6934264036172709,0.8297512734256323,0.41239475083899363,1.3326133543514116,0.29129971572394037
test2,coverage_q75,12,2,True,356.2278135683036,12,2.877012724613139,2.8632785293314944,0.2756911289178477,False,1.004796667575631,2.383070714144406,0.41245394945144653,17.983434677124023,0.3333333333333333,0.6934264036172709,0.8365681972497008,0.402653347078017,1.135189447818968,0.2925665009494089
test2,spread_high,12,0,True,356.2278135683036,12,4.953663258754646,3.005854061850932,0.060850156436647374,False,1.6480052447071565,2.4370594464106414,0.21982945501804352,21.36565399169922,0.3333333333333333,0.6934264036172709,0.7959800871257361,0.41154708197598644,1.6966569464578867,0.23047153650041283
test2,spread_high,12,1,True,356.2278135683036,12,4.822197855188268,3.3527500649640665,0.004544049262510001,False,1.4382813397216205,2.3197038701652772,0.4945406913757324,18.82138442993164,0.3333333333333333,0.6934264036172709,0.8025423959586666,0.41208825760382645,1.3157625098083934,0.20439156884773688
test2,spread_high,12,2,True,356.2278135683036,12,3.3222944007676785,3.1941591847756143,0.18037138608104303,False,1.0401154759608717,2.330201526317583,0.36380818486213684,18.431936264038086,0.3333333333333333,0.6934264036172709,0.7866074567351236,0.41184086411126625,1.5955207213586513,0.23654608095710336
test2,spread_low,12,0,True,356.2278135683036,12,4.560812382456752,3.630117076817693,0.07292521961107792,False,1.256381622395205,2.1113634256745444,0.5865034461021423,20.022584915161133,0.3333333333333333,0.6934264036172709,0.8480883221142843,0.40846198114242904,1.6138218425128696,0.049536665398519426
test2,spread_low,12,1,True,356.2278135683036,12,3.831366382765353,3.5847832089968046,0.14127334778875794,False,1.0687860769794093,2.076012795186966,0.25381043553352356,23.741453170776367,0.3333333333333333,0.6934264036172709,0.7913462323234413,0.40838524774752294,1.533380517044778,0.0381550144607194
test2,spread_low,12,2,True,356.2278135683036,12,3.819308227150018,3.508124505752247,0.13105609703337753,False,1.088703727843047,1.7452040541252802,0.40418359637260437,24.791643142700195,0.3333333333333333,0.6934264036172709,0.8579543918132222,0.405779277006093,1.764369491341344,0.048339675364795824
test2,clustered_high,12,0,True,356.2278135683036,12,4.450940468114292,2.551460539014744,0.16020549309168802,False,1.7444676882335948,2.541204445046447,0.46021902561187744,16.688243865966797,0.3055555555555556,0.661188669681059,2.283700994392529,0.3442658503843758,0.6405403310471786,0.19927654738200093
test2,clustered_high,12,1,True,356.2278135683036,12,3.7718622720602175,1.870861234860952,0.33188033026917485,False,2.0161101217859985,2.798912259584185,0.8052457571029663,6.468076705932617,0.2777777777777778,0.6167830045215885,2.039391187419926,0.3310223189661058,0.616517741357649,0.20467437816385278
test2,clustered_high,12,2,True,356.2278135683036,12,4.663333154514664,2.3723262233260467,0.16510881254112922,False,1.9657217075215658,2.566219187691922,0.4640597999095917,18.099037170410156,0.3055555555555556,0.661188669681059,2.0305238241895642,0.36472654998692755,0.5275821081081046,0.18985289959373755
test2,clustered_low,12,0,True,356.2278135683036,12,4.6433502881617015,1.6835233833683154,0.2701305284326363,False,2.7581145198420125,2.5107202153770443,0.30289411544799805,20.92649269104004,0.3055555555555556,0.661188669681059,2.239342777053732,0.3792561020566967,0.5466785447116487,0.057071199613692884
test2,clustered_low,12,1,True,356.2278135683036,12,3.3607847488684857,3.070133330330573,0.19494696036523698,False,1.0946706176134107,2.190931511004795,0.5723158717155457,21.24593162536621,0.3055555555555556,0.661188669681059,2.725580974788837,0.3468706512896678,0.7393647884616253,0.04744097394531996
test2,clustered_low,12,2,True,356.2278135683036,12,4.4963966380966,2.84419146408021,0.11176598115989032,False,1.5809050462609067,2.412474192448342,0.47530990839004517,20.802467346191406,0.3055555555555556,0.661188669681059,2.239342777053732,0.376173031136176,0.6183295088475549,0.05461893750363086
test2,uniform,16,0,True,356.2278135683036,16,4.375061437950692,3.9066826438599884,0.13339708288613117,False,1.1198916924636406,1.9674483938934213,0.2151986062526703,23.329132080078125,0.3888888888888889,0.7253490135647654,1.1278938562285576,0.3916256695166974,1.8477256571211933,0.09164161748527225
test2,uniform,16,1,True,356.2278135683036,16,4.375061437950692,3.9066826438599884,0.13339708288613117,False,1.1198916924636406,1.9674483938934213,0.2151986062526703,23.329132080078125,0.3888888888888889,0.7253490135647654,1.1278938562285576,0.3916256695166974,1.8477256571211933,0.09164161748527225
test2,uniform,16,2,True,356.2278135683036,16,4.375061437950692,3.9066826438599884,0.13339708288613117,False,1.1198916924636406,1.9674483938934213,0.2151986062526703,23.329132080078125,0.3888888888888889,0.7253490135647654,1.1278938562285576,0.3916256695166974,1.8477256571211933,0.09164161748527225
test2,random,16,0,True,356.2278135683036,16,4.616386296932153,3.127140496139146,0.057112576544821866,False,1.4762324566586218,2.2741956432545463,0.413047194480896,21.21261978149414,0.3611111111111111,0.7011707131126067,2.2044867788530285,0.32782437906691686,1.153759438494185,0.12612527023830516
test2,random,16,1,True,356.2278135683036,16,4.169409002030488,3.7281177591025654,0.1278847132150185,False,1.118368375529573,2.2323883812854772,0.3320818245410919,21.691343307495117,0.3611111111111111,0.7011707131126066,1.5411615611535359,0.3703024657186221,1.5265714509922654,0.1175928294805759
test2,random,16,2,True,356.2278135683036,16,4.906194203969568,3.1630147651602463,0.03246866352845574,False,1.5511132790178448,1.9734500103523016,0.18966637551784515,25.10614585876465,0.3611111111111111,0.7011707131126066,1.090082466256348,0.37867782145666856,1.6761892110653889,0.2043658343079737
test2,sharpness,16,0,True,356.2278135683036,16,2.879789667746945,2.2122562232425516,0.3727213263962007,False,1.3017432779671314,2.630140263685903,0.6149307489395142,13.146623611450195,0.3333333333333333,0.6678664642430038,1.32962710181054,0.351137023765232,0.9557466265003828,0.4988681169828673
test2,sharpness,16,1,True,356.2278135683036,16,2.879789667746945,2.2122562232425516,0.3727213263962007,False,1.3017432779671314,2.630140263685903,0.6149307489395142,13.146623611450195,0.3333333333333333,0.6678664642430038,1.32962710181054,0.351137023765232,0.9557466265003828,0.4988681169828673
test2,sharpness,16,2,True,356.2278135683036,16,2.879789667746945,2.2122562232425516,0.3727213263962007,False,1.3017432779671314,2.630140263685903,0.6149307489395142,13.146623611450195,0.3333333333333333,0.6678664642430038,1.32962710181054,0.351137023765232,0.9557466265003828,0.4988681169828673
test2,coverage,16,0,True,356.2278135683036,16,4.1842538583336255,3.3317827023932614,0.07102700574058515,False,1.2558603702840594,2.108487091813853,0.39492109417915344,21.64813995361328,0.4444444444444444,0.7737056144690831,0.47052060312425503,0.40605139770163967,1.5721906191617419,0.134088409904395
test2,coverage,16,1,True,356.2278135683036,16,4.169849596593085,3.2427117579607128,0.08582499581015635,False,1.2859143543536642,2.120225628578832,0.4457680583000183,21.511634826660156,0.4444444444444444,0.7737056144690831,0.4558481458797381,0.40606451350610034,1.5006725962604304,0.1896998918779293
test2,coverage,16,2,True,356.2278135683036,16,4.549840618395069,3.664893508163636,0.07925364237875956,False,1.241465982097486,2.44072444614358,0.350220263004303,23.588001251220703,0.4444444444444444,0.7737056144690831,0.442603868433495,0.40607723779518784,1.2672074353020109,0.13515453799502244
test2,coverage_fps,16,0,True,356.2278135683036,16,4.016159501877663,3.5642520616458455,0.11917269637961092,False,1.126788855674574,2.5233084926176677,0.3501124382019043,21.750240325927734,0.4444444444444444,0.7737056144690831,0.43875139666741436,0.40605686294742693,1.643967058652376,0.11810989626495552
test2,coverage_fps,16,1,True,356.2278135683036,16,4.478767957529001,3.591537082826932,0.07560785315123258,False,1.2470337502414763,2.3741552580969536,0.41782766580581665,18.380569458007812,0.4444444444444444,0.7737056144690831,0.4492238512557396,0.40600195742057466,1.4132617303945345,0.12989394421061345
test2,coverage_fps,16,2,True,356.2278135683036,16,4.725774520051676,3.317402752799897,0.01740601576722836,False,1.424540483082167,1.8900180306570373,0.29090309143066406,25.016536712646484,0.4444444444444444,0.7737056144690831,0.45698051716018284,0.40601023547000165,1.4320976182562826,0.12849148442656078
test2,coverage_q25,16,0,True,356.2278135683036,16,5.2873137923507665,3.36825017328156,0.04802699110699488,False,1.5697509152651612,2.4954048222054337,0.3612841069698334,20.893489837646484,0.4444444444444444,0.7737056144690831,0.44826353689685305,0.4060755049166816,1.3616051971959717,0.18967485212408208
test2,coverage_q25,16,1,True,356.2278135683036,16,4.5649403938513435,3.256151820068453,0.04312604013065239,False,1.4019433509569514,2.311360477950191,0.24683167040348053,23.53318977355957,0.4444444444444444,0.7737056144690831,0.44826353689685305,0.40607007192189337,1.1987205072507232,0.18369506653201131
test2,coverage_q25,16,2,True,356.2278135683036,16,4.729259400110169,3.2109201028115364,0.032964364086829755,False,1.4728673553630776,2.4382383285083886,0.4656858742237091,20.10186767578125,0.4444444444444444,0.7737056144690831,0.44826353689685305,0.4060133073398942,1.517289036054724,0.15675487218570267
test2,coverage_q75,16,0,True,356.2278135683036,16,3.1416970383384153,2.432892101868971,0.3127666962344034,False,1.2913425284766775,2.5228308890503,0.5416609644889832,16.75751495361328,0.4444444444444444,0.7737056144690831,0.5112795574032507,0.4057187013391407,0.9650641467195153,0.28376919128626316
test2,coverage_q75,16,1,True,356.2278135683036,16,3.265453579653645,2.443778562045799,0.29839383382688356,False,1.3362313715200056,2.4024966739583853,0.4686984419822693,17.348735809326172,0.4444444444444444,0.7737056144690831,0.5093487531233496,0.4057276796602938,1.2998363548358611,0.2779607602431772
test2,coverage_q75,16,2,True,356.2278135683036,16,3.1807750308567986,2.4384741230468463,0.3079076903567953,False,1.3044120504680425,2.5665310483380237,0.5482000112533569,15.59160041809082,0.4444444444444444,0.7737056144690831,0.5125351673297196,0.40569669094433064,0.9635815793965274,0.2806436410850175
test2,spread_high,16,0,True,356.2278135683036,16,4.32328818687274,3.191707597199195,0.07764675725667118,False,1.3545376746499385,2.3340664051813462,0.396695077419281,21.109737396240234,0.4444444444444444,0.7737056144690831,0.5112795574032507,0.4060059895787796,1.6028724505065577,0.21924691852401956
test2,spread_high,16,1,True,356.2278135683036,16,4.43679077435839,3.609803148509955,0.08266148084818223,False,1.2290949372654287,2.517136696524774,0.4491579532623291,18.893795013427734,0.4444444444444444,0.7737056144690831,0.5112795574032507,0.405982546728796,1.5079783227172008,0.19656951845863688
test2,spread_high,16,2,True,356.2278135683036,16,3.3421461381666533,2.568485659012948,0.2718538825648693,False,1.3012126917815916,2.442081095809301,0.507618248462677,16.902198791503906,0.4444444444444444,0.7737056144690831,0.4624328612099209,0.4060178175828302,1.1700485289963443,0.24470877323931634
test2,spread_low,16,0,True,356.2278135683036,16,4.9372316556527505,3.3474629366657123,0.008865149865328322,False,1.4749174969418928,2.0759030819198303,0.4678841531276703,21.882526397705078,0.4444444444444444,0.7737056144690831,0.5140764463136467,0.4060101538565404,1.6224924078007452,0.04639597640403756
test2,spread_low,16,1,True,356.2278135683036,16,5.68498643367681,3.411159198505592,0.09539693061622388,False,1.6665849064351403,2.0012309347141337,0.297016441822052,24.34152603149414,0.4444444444444444,0.7737056144690831,0.4957595989133843,0.4060232228304877,1.7637241131598442,0.04243758750546742
test2,spread_low,16,2,True,356.2278135683036,16,5.26165337608113,3.0935721369044575,0.07945738977789452,False,1.7008342276272679,1.7995147871205162,0.4233114421367645,23.583717346191406,0.4444444444444444,0.7737056144690831,0.5140764463136467,0.40600941163843235,1.5610992287851106,0.04615621089691012
test2,clustered_high,16,0,True,356.2278135683036,16,4.340130061718465,3.1247875284982447,0.08591558706414132,False,1.3889360547353142,2.6421219624460246,0.5929661393165588,18.065237045288086,0.3888888888888889,0.7253490135647654,1.5132436774339215,0.3656407646918056,0.5468973793842691,0.1839072554882371
test2,clustered_high,16,1,True,356.2278135683036,16,3.5897054775506243,1.8202570089268155,0.3582048573048677,False,1.9720871612888542,2.801163881322654,0.7433565258979797,7.096373081207275,0.3611111111111111,0.6769924126604477,2.039391187419926,0.34185169059495113,0.5079685222449286,0.22613505675608314
test2,clustered_high,16,2,True,356.2278135683036,16,4.267196396958853,3.036792796143085,0.10658057264530643,False,1.4051654766760697,2.589637754484535,0.6071144342422485,18.957693099975586,0.4166666666666667,0.7495273140169244,1.2212081999738276,0.3808113264112874,0.5405624290625111,0.17979827907036164
test2,clustered_low,16,0,True,356.2278135683036,16,4.605652924975736,2.5609420415445685,0.14285453572323217,False,1.798421381765419,2.0581778805176265,0.5303621292114258,23.185325622558594,0.3611111111111111,0.7011707131126066,2.239342777053732,0.35279022249921504,0.5626102163928354,0.05134694734231456
test2,clustered_low,16,1,True,356.2278135683036,16,3.8688565050983765,2.962598392673855,0.15869583596791542,False,1.3058997516050732,2.091531629337538,0.6776500344276428,22.480640411376953,0.4166666666666667,0.7495273140169243,2.4433481727998867,0.3560857760595401,0.6147539284666337,0.045523153663392185
test2,clustered_low,16,2,True,356.2278135683036,16,4.564260457141306,2.644211418914856,0.13467021152097905,False,1.7261329500703877,1.9550279188958255,0.5348417162895203,22.588428497314453,0.3888888888888889,0.7253490135647654,2.239342777053732,0.35194115062346254,0.5802112973985002,0.0537025043430118
test2,uniform,24,0,True,356.2278135683036,24,5.219993651315097,3.627752781131277,0.07988477275984175,False,1.4389055611687231,2.221814864383129,0.27276691794395447,23.28931999206543,0.5277777777777778,0.7940905411707534,0.8815185336183786,0.3901232959706136,1.5967144875039951,0.14700095577801667
test2,uniform,24,1,True,356.2278135683036,24,5.219993651315097,3.627752781131277,0.07988477275984175,False,1.4389055611687231,2.221814864383129,0.27276691794395447,23.28931999206543,0.5277777777777778,0.7940905411707534,0.8815185336183786,0.3901232959706136,1.5967144875039951,0.14700095577801667
test2,uniform,24,2,True,356.2278135683036,24,5.219993651315097,3.627752781131277,0.07988477275984175,False,1.4389055611687231,2.221814864383129,0.27276691794395447,23.28931999206543,0.5277777777777778,0.7940905411707534,0.8815185336183786,0.3901232959706136,1.5967144875039951,0.14700095577801667
test2,random,24,0,True,356.2278135683036,24,4.781658652602831,3.1077539842322626,0.04298932027386603,False,1.5386220006034643,2.439459077309571,0.3849012553691864,21.646902084350586,0.5,0.7901396054259063,1.1127802053208997,0.37109869088092035,1.1484260208382855,0.12914178868381918
test2,random,24,1,True,356.2278135683036,24,4.664272362773443,3.548018963471257,0.04999780607547734,False,1.3146131435019397,1.893587198068988,0.4086960554122925,26.43010902404785,0.4444444444444444,0.7518179058780651,1.1385795706593846,0.38081322595701655,1.1395454005756112,0.1311924438540439
test2,random,24,2,True,356.2278135683036,24,4.761355720033733,3.3531017786113493,0.010862679520144903,False,1.4199854446427203,1.9671653361240549,0.4934394955635071,24.836288452148438,0.5,0.7779716742026476,0.9026995006718721,0.3797686609274618,1.3453756955403295,0.07989544759769708
test2,sharpness,24,0,True,356.2278135683036,24,3.1501621619380424,2.3857768682987013,0.31893776852236055,False,1.32039261667602,2.7745939920193643,0.5015270113945007,14.77557373046875,0.5277777777777778,0.8001745067823829,0.7936627984178592,0.3706527030126074,0.7705510452243698,0.4350994500079694
test2,sharpness,24,1,True,356.2278135683036,24,3.1501621619380424,2.3857768682987013,0.31893776852236055,False,1.32039261667602,2.7745939920193643,0.5015270113945007,14.77557373046875,0.5277777777777778,0.8001745067823829,0.7936627984178592,0.3706527030126074,0.7705510452243698,0.4350994500079694
test2,sharpness,24,2,True,356.2278135683036,24,3.1501621619380424,2.3857768682987013,0.31893776852236055,False,1.32039261667602,2.7745939920193643,0.5015270113945007,14.77557373046875,0.5277777777777778,0.8001745067823829,0.7936627984178592,0.3706527030126074,0.7705510452243698,0.4350994500079694
test2,coverage,24,0,True,356.2278135683036,24,4.279335578024947,3.333020846077356,0.06104957808428633,False,1.2839210360959223,2.163485767171906,0.442533940076828,20.435413360595703,0.6666666666666666,0.8868528072345415,0.43147960556341225,0.39565005540148923,1.308069293169149,0.14582314768655316
test2,coverage,24,1,True,356.2278135683036,24,4.679331740435218,3.7716237886564707,0.08187178186084036,False,1.2406676812540975,2.087312072611488,0.3284958302974701,24.562108993530273,0.6666666666666666,0.8868528072345415,0.40240913127326117,0.39219426035571986,1.326523063294792,0.15166107822129213
test2,coverage,24,2,True,356.2278135683036,24,4.903679682940248,3.2803742050243097,0.014666558841330396,False,1.4948537503525177,2.138043696642352,0.4486328661441803,24.937231063842773,0.6666666666666666,0.8868528072345415,0.39073439886319505,0.3965045873737124,1.5464515325583132,0.12482335361872132
test2,coverage_fps,24,0,True,356.2278135683036,24,4.032817444789268,3.5624133898522947,0.11718226713708418,False,1.1320464537543402,2.5043421783428252,0.47176656126976013,20.777381896972656,0.6666666666666666,0.8868528072345415,0.4074684687506114,0.39742862040692617,1.1478106653302294,0.13656594853446766
test2,coverage_fps,24,1,True,356.2278135683036,24,5.0134146503313675,3.4787302235226765,0.036333252846784264,False,1.4411622425997206,2.25974302149792,0.5363986492156982,20.84251594543457,0.6666666666666666,0.8868528072345415,0.4492238512557396,0.39515501227360345,1.295918795012785,0.1146477752649961
test2,coverage_fps,24,2,True,356.2278135683036,24,4.78141463400673,3.20462763723326,0.028533572882996967,False,1.492034387538017,1.9139225181293988,0.373812198638916,24.391633987426758,0.6666666666666666,0.8868528072345415,0.4053157879287692,0.39287672397485696,1.2160994214898506,0.13058535001022673
test2,coverage_q25,24,0,True,356.2278135683036,24,4.710319862019712,3.7292805381242298,0.07235079534414636,False,1.2630639647155453,2.5383439110733255,0.29895636439323425,22.147666931152344,0.6666666666666666,0.8868528072345415,0.39264700474109304,0.3953812789435482,1.2398366899041975,0.17449806107414978
test2,coverage_q25,24,1,True,356.2278135683036,24,4.486059768352362,3.3618989556470034,0.04053008569154983,False,1.3343826889315333,2.228921641770669,0.35075843334198,24.328706741333008,0.6666666666666666,0.8868528072345415,0.40231461116902434,0.39658327387468995,1.0772801494008177,0.16397061739565008
test2,coverage_q25,24,2,True,356.2278135683036,24,4.541845080547116,3.2245238145286512,0.050232418713461936,False,1.4085320319493517,2.1627903862479734,0.5265408158302307,21.71076202392578,0.6666666666666666,0.8868528072345415,0.4074684687506114,0.3973452093127445,1.241369101674416,0.16975498448446025
test2,coverage_q75,24,0,True,356.2278135683036,24,3.288866970442097,2.722748495721024,0.25428150223914847,False,1.2079216922204767,2.5971308684363,0.4749942421913147,17.66766929626465,0.6666666666666666,0.8868528072345415,0.4417101645886765,0.3974142134021557,0.9317351640047865,0.2896427483464911
test2,coverage_q75,24,1,True,356.2278135683036,24,2.710458619516719,2.285334178948629,0.3792366717456612,False,1.1860228777410877,2.4312315651652097,0.5861121416091919,17.03182029724121,0.6666666666666666,0.8868528072345415,0.4417101645886765,0.3971998334625806,0.9655039650341237,0.2875089241784435
test2,coverage_q75,24,2,True,356.2278135683036,24,2.7370613831977737,2.2715638290687252,0.3785553074341246,False,1.2049238274408907,2.523096851562653,0.6204665899276733,16.34425926208496,0.6666666666666666,0.8868528072345415,0.4417101645886765,0.397186925467733,0.7462073723562973,0.28924004492994043
test2,spread_high,24,0,True,356.2278135683036,24,4.422489356589047,3.132637293605173,0.07626010686305568,False,1.411746379198422,2.413005839072302,0.4815530776977539,22.252151489257812,0.6666666666666666,0.8868528072345415,0.39921018112953366,0.3955479344768585,1.2876182939304295,0.21601772757975093
test2,spread_high,24,1,True,356.2278135683036,24,4.282692546743646,3.310678505562916,0.06404362839638067,False,1.2935996471863576,2.435072672813635,0.48765167593955994,19.899415969848633,0.6666666666666666,0.8868528072345415,0.4074684687506114,0.39681122992022,1.3076538989290492,0.21380256298522057
test2,spread_high,24,2,True,356.2278135683036,24,4.435423407025167,2.8138176170407543,0.12258588482514063,False,1.5763009585851653,2.2457142766131906,0.4647327959537506,20.314722061157227,0.6666666666666666,0.8868528072345415,0.38443205040269746,0.39618654687969024,1.2258543126089598,0.23481379554002027
test2,spread_low,24,0,True,356.2278135683036,24,4.779173321744711,3.5565053709079706,0.03943286624005304,False,1.3437835243658285,2.0821712027065002,0.411753386259079,22.660757064819336,0.6666666666666666,0.8868528072345415,0.441962082699372,0.3967862304524259,1.1866250881396363,0.04585663820260975
test2,spread_low,24,1,True,356.2278135683036,24,5.442806374114349,3.3432623442455944,0.06078988999275265,False,1.6279926053312803,1.8548894885636469,0.6209983229637146,25.60284996032715,0.6666666666666666,0.8868528072345415,0.45692850338530455,0.3963360517571669,1.278120707349521,0.04236656957026467
test2,spread_low,24,2,True,356.2278135683036,24,4.858021885859998,3.5508978031930005,0.031117308962876362,False,1.368110870859651,2.042322316378502,0.4327632486820221,22.80605125427246,0.6666666666666666,0.8868528072345415,0.441962082699372,0.39438960540456974,1.0703514926171689,0.04418762367833585
test2,clustered_high,24,0,True,356.2278135683036,24,4.687645095410022,2.939218203316736,0.07786474389764197,False,1.5948612083717666,2.035120286992927,0.46217846870422363,24.0607967376709,0.5555555555555556,0.8223773393621182,0.9916013248821827,0.3930251445084075,0.6627367512514494,0.21822461946563876
test2,clustered_high,24,1,True,356.2278135683036,24,3.792308806043094,1.8266951217890424,0.3363766113259279,False,2.0760491232543252,2.7791299375641674,0.6595901846885681,9.857474327087402,0.5,0.767936772846171,1.6143327123175792,0.3603867282935742,0.429231400062383,0.21559917801309045
test2,clustered_high,24,2,True,356.2278135683036,24,4.742032806762301,3.0278973535905465,0.05900747461008072,False,1.566114122441798,2.0621481846098595,0.4815148115158081,23.42469596862793,0.5833333333333334,0.8384962063302241,0.8023833183647957,0.393915494139466,0.5611944076103473,0.2176174208066335
test2,clustered_low,24,0,True,356.2278135683036,24,4.093477250697565,3.0147438340053645,0.12776761561408378,False,1.3578192629584067,1.7534391181490128,0.5002420544624329,23.63795280456543,0.5,0.7901396054259063,1.0544978287917752,0.38561503035666733,0.5009903323860769,0.05250192271375015
test2,clustered_low,24,1,True,356.2278135683036,24,4.301088926081126,3.8122507174094675,0.1268995351983513,False,1.128228242292479,2.0549329506618625,0.7308744192123413,23.030221939086914,0.4722222222222222,0.7740207384578004,2.4433481727998867,0.34955747395745695,0.5639552630262697,0.044611387806898585
test2,clustered_low,24,2,True,356.2278135683036,24,4.142623804026099,3.1215381464645375,0.10674223387104277,False,1.32710978038761,1.7874621788869902,0.4734460413455963,23.2310733795166,0.5277777777777778,0.8062584723940123,0.8970979697417354,0.3915414616168613,0.5027871486061019,0.05279453345860515
test2,uniform,32,0,True,356.2278135683036,32,5.125652920083345,3.630725978360881,0.07061317872540862,False,1.4117432575832563,2.0973493241144006,0.29268112778663635,23.608936309814453,0.6111111111111112,0.8416775416168376,0.8039653239561879,0.38292195549094693,1.2988577139172703,0.11296647637706339
test2,uniform,32,1,True,356.2278135683036,32,5.125652920083345,3.630725978360881,0.07061317872540862,False,1.4117432575832563,2.0973493241144006,0.29268112778663635,23.608936309814453,0.6111111111111112,0.8416775416168376,0.8039653239561879,0.38292195549094693,1.2988577139172703,0.11296647637706339
test2,uniform,32,2,True,356.2278135683036,32,5.125652920083345,3.630725978360881,0.07061317872540862,False,1.4117432575832563,2.0973493241144006,0.29268112778663635,23.608936309814453,0.6111111111111112,0.8416775416168376,0.8039653239561879,0.38292195549094693,1.2988577139172703,0.11296647637706339
test2,random,32,0,True,356.2278135683036,32,4.934393193955204,3.179888329549695,0.03285054612057679,False,1.5517504649774807,2.247178528538319,0.4058750569820404,24.248432159423828,0.6111111111111112,0.8371145674081156,0.7489158173818815,0.3833193989207715,1.1094161769755304,0.129670568539905
test2,random,32,1,True,356.2278135683036,32,4.57064239895364,3.381658680119209,0.034772751828714525,False,1.3515977901094731,2.227408069004923,0.43984630703926086,24.389873504638672,0.5833333333333334,0.8250254171820361,0.8519301649002919,0.38696923846160675,0.9781158376734215,0.1372065461599932
test2,random,32,2,True,356.2278135683036,32,4.917082309034705,3.429427360754515,0.019042209359813152,False,1.433791065326104,2.127851445576287,0.5201048851013184,24.431068420410156,0.6666666666666666,0.8612928678602745,0.7156428158931014,0.3864088377229595,0.8720244121530735,0.14142390437750949
test2,sharpness,32,0,True,356.2278135683036,32,3.504731658343227,3.2254687355416705,0.15690218336198875,False,1.0865805703600033,2.7330171233490006,0.46223312616348267,17.073192596435547,0.6388888888888888,0.8462405158255597,0.7936627984178592,0.37223112191478613,0.8002366595603656,0.3906703918734731
test2,sharpness,32,1,True,356.2278135683036,32,3.504731658343227,3.2254687355416705,0.15690218336198875,False,1.0865805703600033,2.7330171233490006,0.46223312616348267,17.073192596435547,0.6388888888888888,0.8462405158255597,0.7936627984178592,0.37223112191478613,0.8002366595603656,0.3906703918734731
test2,sharpness,32,2,True,356.2278135683036,32,3.504731658343227,3.2254687355416705,0.15690218336198875,False,1.0865805703600033,2.7330171233490006,0.46223312616348267,17.073192596435547,0.6388888888888888,0.8462405158255597,0.7936627984178592,0.37223112191478613,0.8002366595603656,0.3906703918734731
test2,coverage,32,0,True,356.2278135683036,32,4.541350797544368,3.457300869956884,0.049096611738010706,False,1.3135538295227986,2.1818804719477853,0.4595288038253784,22.402313232421875,0.8888888888888888,0.967132018086354,0.25648250827168084,0.3939041000293631,1.1508875870517925,0.13602114543854604
test2,coverage,32,1,True,356.2278135683036,32,4.7929454911852805,3.841714196967911,0.08064810634663981,False,1.247605950220902,2.0605763136578186,0.33807703852653503,24.47911262512207,0.8888888888888888,0.967132018086354,0.256744417427031,0.3939185967994553,1.1355137106563162,0.13712450239272223
test2,coverage,32,2,True,356.2278135683036,32,4.774465009898872,3.2950430497724685,0.01573381885684011,False,1.448984106665484,2.2204292315665475,0.46968603134155273,23.856616973876953,0.8888888888888888,0.967132018086354,0.2667194444993033,0.39391277060141117,1.1993959984402887,0.13651078989447565
test2,coverage_fps,32,0,True,356.2278135683036,32,4.08458818105672,3.5328252641265037,0.10742756817903219,False,1.1561817739849753,2.3831644929296374,0.4824163317680359,21.98565673828125,0.8888888888888888,0.967132018086354,0.256744417427031,0.39390390352271093,1.013935702463727,0.14151472438691476
test2,coverage_fps,32,1,True,356.2278135683036,32,5.150903376497239,3.374492358550859,0.0349113481489947,False,1.5264231858297175,2.2710133418239287,0.5653346180915833,21.53546905517578,0.8888888888888888,0.967132018086354,0.3033279075616413,0.393820408034106,1.0261642686864685,0.11212349188323939
test2,coverage_fps,32,2,True,356.2278135683036,32,4.511700023450952,3.429476880794968,0.0479911191008716,False,1.315565078953126,2.175704701687949,0.4239540100097656,22.156047821044922,0.8888888888888888,0.967132018086354,0.2528581102328502,0.39383182384699233,1.1129085905714806,0.1467658787059801
test2,coverage_q25,32,0,True,356.2278135683036,32,4.343711335194408,3.304808570805198,0.058636830000643306,False,1.3143609507573042,2.415871311728379,0.36308443546295166,21.736385345458984,0.8888888888888888,0.967132018086354,0.2709653907837577,0.39389637121049476,0.9316923688930326,0.19003085176992154
test2,coverage_q25,32,1,True,356.2278135683036,32,4.508545385676731,3.29565347655332,0.04302930027963443,False,1.3680277425258571,2.357490682998827,0.3748258650302887,23.20355224609375,0.8888888888888888,0.967132018086354,0.2709653907837577,0.3938927439934261,0.8765343409270999,0.1842729964677532
test2,coverage_q25,32,2,True,356.2278135683036,32,4.699496944977906,3.1490186072598783,0.0452827285851889,False,1.4923687443902334,2.208439344900532,0.4295633137226105,21.767837524414062,0.8888888888888888,0.967132018086354,0.38715075003230837,0.3933241374681612,0.9466055642320713,0.16445633019494055
test2,coverage_q75,32,0,True,356.2278135683036,32,3.0659284332911376,2.614325232581633,0.2934490018945349,False,1.1727417824994746,2.6981000020387587,0.5094637274742126,16.05242347717285,0.8333333333333334,0.9429537176341948,0.38466198608296764,0.39256849518620696,0.7356844091490744,0.2995793439814739
test2,coverage_q75,32,1,True,356.2278135683036,32,3.124551756737868,2.5346263463455863,0.2993250172739541,False,1.2327464997919055,2.7234215544589047,0.4568750262260437,16.569076538085938,0.8333333333333334,0.9429537176341948,0.3624234762381491,0.3927666471925916,0.8554518824274474,0.2978795720303971
test2,coverage_q75,32,2,True,356.2278135683036,32,3.0897769130877286,2.5166772188476974,0.3055895084468644,False,1.2277207779956918,2.766927645840127,0.4769554138183594,15.874622344970703,0.8333333333333334,0.9429537176341948,0.3624234762381491,0.39275976389688383,0.7344311596235925,0.2952582314025548
test2,spread_high,32,0,True,356.2278135683036,32,4.456744287906693,3.1663518329020124,0.06769251370742813,False,1.407532871614591,2.545732002802726,0.46064382791519165,21.115646362304688,0.8888888888888888,0.967132018086354,0.2709653907837577,0.39383788045691037,1.0132362029486273,0.21548527391081185
test2,spread_high,32,1,True,356.2278135683036,32,4.569372639672276,3.116397097968414,0.063560400153334,False,1.4662356869254753,2.42365084652767,0.4118823707103729,19.983489990234375,0.8888888888888888,0.967132018086354,0.2709653907837577,0.3938072309080051,0.9820083626856643,0.215220780940081
test2,spread_high,32,2,True,356.2278135683036,32,4.1798648698766,2.6921700434610862,0.167089675354528,False,1.5526006167511306,2.2989321586724727,0.4814378321170807,20.04561424255371,0.8888888888888888,0.967132018086354,0.3738245771059052,0.3934647301492819,0.966483737111761,0.22316115838572992
test2,spread_low,32,0,True,356.2278135683036,32,4.881201848808571,3.421191125121415,0.014115755740337332,False,1.4267550891753649,1.962373557964453,0.5304985046386719,24.334360122680664,0.8888888888888888,0.967132018086354,0.3552475061566245,0.3927349791400696,1.0878957141995,0.043251172564292256
test2,spread_low,32,1,True,356.2278135683036,32,5.470520362473685,3.3347649050978636,0.06491433414860391,False,1.6404515814925624,1.8552373492168297,0.6452904939651489,25.485029220581055,0.8888888888888888,0.967132018086354,0.3219470924731329,0.3935210382206629,1.069191855328506,0.04004081489744639
test2,spread_low,32,2,True,356.2278135683036,32,4.9172075751065165,3.3875846770148033,0.012800377483447204,False,1.4515379079585526,1.8559049560856171,0.48978790640830994,25.282611846923828,0.8888888888888888,0.967132018086354,0.3552475061566245,0.39270721584433793,1.1522621996448914,0.04313128981072854
test2,clustered_high,32,0,True,356.2278135683036,32,4.35483264199916,3.0728929915527248,0.09215869187234321,False,1.4171767952774281,2.083086884863599,0.6227786540985107,23.243675231933594,0.6666666666666666,0.8583296660516391,0.42155658644378846,0.3809035073070793,0.5296002066443073,0.20807241610230176
test2,clustered_high,32,1,True,356.2278135683036,32,3.4034246525995604,1.9832806885586676,0.35302056187836395,False,1.7160579802110463,2.5888845849368085,0.6647416353225708,12.205220222473145,0.5833333333333334,0.800243472394599,0.6470806319774232,0.35512003369771883,0.3645704003299181,0.21120863434236906
test2,clustered_high,32,2,True,356.2278135683036,32,4.344721199814028,2.9283032459406177,0.11481363766360722,False,1.4836992056191347,2.113658887973153,0.5847843885421753,23.069782257080078,0.6944444444444444,0.8704188162777186,0.42155658644378846,0.3816553380463213,0.5214815816798519,0.2047719977558265
test2,clustered_low,32,0,True,356.2278135683036,32,4.552014600401726,3.117666080625091,0.06515839268309567,False,1.460071246465577,1.7581299720728272,0.5381723046302795,24.10208511352539,0.6666666666666666,0.8658558420689966,0.5385856281293053,0.3900274798054774,0.4838877440584551,0.04845163130707933
test2,clustered_low,32,1,True,356.2278135683036,32,4.01641422463478,3.6908994782852242,0.13807798652937286,False,1.0881938801814208,2.0334250217271936,0.766818106174469,22.20584487915039,0.6388888888888888,0.853766691842917,1.9558754427863647,0.3521434734234995,0.5010310899221377,0.04265256322468619
test2,clustered_low,32,2,True,356.2278135683036,32,4.798573219226729,3.0308984759387383,0.052735834172116795,False,1.5832180646501206,1.8117491215558026,0.553448498249054,23.485431671142578,0.6388888888888888,0.853766691842917,0.710360075934263,0.3892816289867986,0.42879705597069245,0.04818406993911009
test2,uniform,48,0,True,356.2278135683036,48,4.840956942160868,3.3459256327307276,0.00159194380608003,False,1.4468214400240547,2.056930771390678,0.3836551606655121,23.804428100585938,0.75,0.882744309495336,0.517540287145124,0.3784870707554893,0.9522658277119955,0.12038009195364097
test2,uniform,48,1,True,356.2278135683036,48,4.840956942160868,3.3459256327307276,0.00159194380608003,False,1.4468214400240547,2.056930771390678,0.3836551606655121,23.804428100585938,0.75,0.882744309495336,0.517540287145124,0.3784870707554893,0.9522658277119955,0.12038009195364097
test2,uniform,48,2,True,356.2278135683036,48,4.840956942160868,3.3459256327307276,0.00159194380608003,False,1.4468214400240547,2.056930771390678,0.3836551606655121,23.804428100585938,0.75,0.882744309495336,0.517540287145124,0.3784870707554893,0.9522658277119955,0.12038009195364097
test2,random,48,0,True,356.2278135683036,48,4.955437315743303,3.138325948115815,0.04123068657827971,False,1.5790065779236362,2.4971007753854826,0.46196362376213074,23.224599838256836,0.75,0.8792998971326691,0.7389556282149945,0.3650659091068297,0.7268515024462681,0.14184125702674766
test2,random,48,1,True,356.2278135683036,48,4.530819648302313,3.2884344205592546,0.04181442160727559,False,1.3778044713240076,2.2784946789930345,0.4238584339618683,22.93194580078125,0.7222222222222222,0.8617120856743201,0.6020890955281111,0.3717087910041464,0.7220608963562477,0.1471149977005338
test2,random,48,2,True,356.2278135683036,48,4.583044544695167,3.5659213131912377,0.061039438509221756,False,1.285234345396612,1.8809748893812308,0.48578912019729614,24.89671516418457,0.6944444444444444,0.853652652190267,0.7507287555963096,0.37384140712038766,0.8208332023610139,0.13087080030891152
test2,sharpness,48,0,True,356.2278135683036,48,3.361986439082572,3.048057536884716,0.1981231360936427,False,1.1029931024591841,2.684031242183412,0.5114393830299377,16.33393096923828,0.8333333333333334,0.9176215966805105,0.3621935405578789,0.3826440898495506,0.6611253741485444,0.3319731089313975
test2,sharpness,48,1,True,356.2278135683036,48,3.361986439082572,3.048057536884716,0.1981231360936427,False,1.1029931024591841,2.684031242183412,0.5114393830299377,16.33393096923828,0.8333333333333334,0.9176215966805105,0.3621935405578789,0.3826440898495506,0.6611253741485444,0.3319731089313975
test2,sharpness,48,2,True,356.2278135683036,48,3.361986439082572,3.048057536884716,0.1981231360936427,False,1.1029931024591841,2.684031242183412,0.5114393830299377,16.33393096923828,0.8333333333333334,0.9176215966805105,0.3621935405578789,0.3826440898495506,0.6611253741485444,0.3319731089313975
test2,coverage,48,0,True,356.2278135683036,48,4.46825235626231,3.368563785965926,0.04336032171105348,False,1.3264562110647553,2.227294933564935,0.4913334250450134,23.272897720336914,1.0,0.9835660090431771,0.21766249289140482,0.388440799159448,0.8828917909092607,0.13317100748776986
test2,coverage,48,1,True,356.2278135683036,48,4.7246495784700455,3.261453843257954,0.025885233436066947,False,1.4486329733706935,2.0716816406526775,0.4526318609714508,24.947214126586914,1.0,0.9835660090431771,0.20910919875678502,0.38843975955820353,0.8584527893147634,0.14199088425036768
test2,coverage,48,2,True,356.2278135683036,48,4.740721218891803,3.149435879646076,0.04097471744667011,False,1.5052604339493811,2.1883392592307063,0.4889264404773712,24.01283836364746,1.0,0.9835660090431771,0.20910919875678502,0.38892975448558365,0.8635887379100575,0.1462374299516339
test2,coverage_fps,48,0,True,356.2278135683036,48,4.272391875617949,3.475746134776198,0.07955359171536402,False,1.229201359924132,2.4711571888612047,0.48839709162712097,21.405982971191406,0.9722222222222222,0.9755065755591242,0.22318943263155688,0.38845187821438043,0.7742040526917353,0.15583281136217345
test2,coverage_fps,48,1,True,356.2278135683036,48,4.977299101651481,3.5139038313339643,0.03787158298155646,False,1.416458543136047,2.27498783999603,0.552442193031311,21.977754592895508,0.9722222222222222,0.9755065755591242,0.2121085618447438,0.38679174395921634,0.8912235018648995,0.11724758538134801
test2,coverage_fps,48,2,True,356.2278135683036,48,4.407547086470267,3.3517283068534485,0.04709567844768342,False,1.315007268774719,2.1064615900173966,0.42039135098457336,24.091848373413086,1.0,0.9835660090431771,0.2190262086822372,0.3875954132710668,0.8586142760953375,0.13670530720490448
test2,coverage_q25,48,0,True,356.2278135683036,48,4.321310352034753,3.1607171044434117,0.08248297640061372,False,1.3671930164074955,2.4090273010052385,0.4135608673095703,21.005678176879883,0.9722222222222222,0.9755065755591242,0.2473570018143434,0.3866972847997598,0.7502103181925459,0.1962155609052032
test2,coverage_q25,48,1,True,356.2278135683036,48,4.491649468389782,3.151371928200168,0.06633690069291587,False,1.4252997014399,2.3396938178385516,0.4245283007621765,23.151113510131836,0.9722222222222222,0.9755065755591242,0.2473570018143434,0.38692364480099356,0.7181765062026182,0.1966296953493075
test2,coverage_q25,48,2,True,356.2278135683036,48,4.5757046290621854,3.1777726332173892,0.05373373165791384,False,1.439909382198133,2.3589602469937523,0.4376126229763031,21.84684944152832,0.9722222222222222,0.9755065755591242,0.2473570018143434,0.3875807002575577,0.7350018029886055,0.1733328094303205
test2,coverage_q75,48,0,True,356.2278135683036,48,3.864903520229579,3.0649027288900506,0.14381028035767013,False,1.2610199611878865,2.7419305453097076,0.5249183177947998,16.967683792114258,0.8333333333333334,0.9210660090431771,0.3624234762381491,0.38239415112839176,0.6637249164947044,0.31712463206750713
test2,coverage_q75,48,1,True,356.2278135683036,48,3.864903520229579,3.0649027288900506,0.14381028035767013,False,1.2610199611878865,2.7419305453097076,0.5249183177947998,16.967683792114258,0.8333333333333334,0.9210660090431771,0.3624234762381491,0.38239415112839176,0.6637249164947044,0.31712463206750713
test2,coverage_q75,48,2,True,356.2278135683036,48,3.864903520229579,3.0649027288900506,0.14381028035767013,False,1.2610199611878865,2.7419305453097076,0.5249183177947998,16.967683792114258,0.8333333333333334,0.9210660090431771,0.3624234762381491,0.38239415112839176,0.6637249164947044,0.31712463206750713
test2,spread_high,48,0,True,356.2278135683036,48,4.38017723828693,3.062131122501361,0.09115719056820608,False,1.430434250871954,2.424463666256182,0.4847346246242523,22.0200138092041,0.9722222222222222,0.9724645927533095,0.2589388623029425,0.38610723771452266,0.7216849891081639,0.22376302669574
test2,spread_high,48,1,True,356.2278135683036,48,4.4036555601278495,3.042815272617984,0.09162656168218164,False,1.4472306616033983,2.396081342197807,0.3991943299770355,20.25160789489746,0.9722222222222222,0.9755065755591242,0.2589388623029425,0.3861766667612167,0.7447357813700147,0.21549987434238851
test2,spread_high,48,2,True,356.2278135683036,48,4.194998481893705,2.879078418405925,0.13759162435103053,False,1.4570629459326687,2.3488160415811907,0.47161611914634705,20.619138717651367,0.9722222222222222,0.9755065755591242,0.2589388623029425,0.3862115456898727,0.7251119776246664,0.22964086553115828
test2,spread_low,48,0,True,356.2278135683036,48,4.8654833415811405,3.391683461895627,0.008086058437664596,False,1.4345334392914721,1.998421961080706,0.6006588935852051,24.342432022094727,0.9722222222222222,0.9755065755591242,0.3552475061566245,0.3854409231167501,0.7374876645673669,0.04229930540848198
test2,spread_low,48,1,True,356.2278135683036,48,5.3453409854844525,3.385170098076762,0.05653236525668515,False,1.5790464971084717,1.702215612601903,0.6165033578872681,26.04936981201172,0.9722222222222222,0.9755065755591242,0.3219470924731329,0.38538654013519336,0.826715069752533,0.04085661694101203
test2,spread_low,48,2,True,356.2278135683036,48,4.991393476174097,3.344096600904251,0.01417473411193517,False,1.4925984718337422,1.9295813251704725,0.5678918361663818,24.805221557617188,0.9722222222222222,0.9755065755591242,0.3552475061566245,0.38418987226519064,0.7939971951667183,0.043081601093205045
test2,clustered_high,48,0,True,356.2278135683036,48,4.101904619818852,3.211855403207787,0.09743503711405772,False,1.2771137255189455,2.3439327494928994,0.5958308577537537,19.572595596313477,0.7222222222222222,0.8601390473587486,0.42155658644378846,0.3522690957765986,0.5095755007282872,0.20398804932802928
test2,clustered_high,48,1,True,356.2278135683036,48,3.3308065762606938,2.2390090938316,0.3222725837366922,False,1.4876253006014855,2.4959932221920234,0.5988300442695618,14.349230766296387,0.7777777777777778,0.8788974675758171,0.5414404746542214,0.36633465325224535,0.36382392223658594,0.2607314368032246
test2,clustered_high,48,2,True,356.2278135683036,48,4.110548240724704,3.205952806735656,0.0974271740201709,False,1.2821611821884924,2.378488254958492,0.5961474776268005,19.40049934387207,0.7222222222222222,0.8601390473587486,0.42155658644378846,0.3542678911496339,0.5113534302225711,0.20449752205150204
test2,clustered_low,48,0,True,356.2278135683036,48,4.758932087223766,3.06211548480015,0.05215204023178611,False,1.5541321386624185,1.7293689627210191,0.5989287495613098,23.704668045043945,0.8333333333333334,0.9145796138746958,0.4745200755903287,0.3721907337036511,0.4808993789273297,0.04945131745321735
test2,clustered_low,48,1,True,356.2278135683036,48,4.263047001162039,3.330741471878688,0.06306784390741105,False,1.2799093046262424,2.1409124399930244,0.7327960133552551,20.283891677856445,0.8888888888888888,0.9371848760112829,0.7690347073662416,0.38278748450999966,0.42220756797987674,0.04462776495013807
test2,clustered_low,48,2,True,356.2278135683036,48,4.52742635317076,3.19692244894294,0.05584329591240549,False,1.416182727443936,1.7374535742084674,0.5661868453025818,23.831220626831055,0.8333333333333334,0.911537631068881,0.4745200755903287,0.3723881966926286,0.5044919753025305,0.04932383653786771
